Datetime,Change_1D_%,Volume_1D,Change_2D_%,Volume_2D,Change_3D_%,Volume_3D,Change_5D_%,Volume_5D,NextDay_Hour1_Return_%,NextDay_Hour1_Open_Positive,NextDay_Hour2_Return_%,NextDay_Hour2_Open_Positive,NextDay_Hour3_Return_%,NextDay_Hour3_Open_Positive
2022-03-07 00:00:00+00:00,,,,,,,,,,,,,,
2022-03-08 00:00:00+00:00,-0.75,150775475.0,,,,,,,0.24,1.0,0.15,1.0,0.65,1.0
2022-03-09 00:00:00+00:00,2.67,102266104.0,1.89,253041579.0,,,,,0.15,1.0,-0.41,0.0,0.08,1.0
2022-03-10 00:00:00+00:00,-0.45,87550425.0,2.21,189816529.0,1.44,340592004.0,,,-0.57,0.0,-0.68,0.0,-1.09,0.0
2022-03-11 00:00:00+00:00,-1.27,84081077.0,-1.71,171631502.0,0.91,273897606.0,,,0.45,1.0,0.33,1.0,-0.26,0.0
2022-03-14 00:00:00+00:00,-0.72,89326483.0,-1.98,173407560.0,-2.42,260957985.0,-0.57,513999564.0,0.34,1.0,0.68,1.0,0.9,1.0
2022-03-15 00:00:00+00:00,2.18,95716938.0,1.45,185043421.0,0.16,269124498.0,2.37,458941027.0,0.83,1.0,0.69,1.0,0.72,1.0
2022-03-16 00:00:00+00:00,2.22,129328631.0,4.45,225045569.0,3.7,314372052.0,1.92,486003554.0,0.65,1.0,0.45,1.0,0.92,1.0
2022-03-17 00:00:00+00:00,1.24,86213280.0,3.48,215541911.0,5.75,311258849.0,3.65,484666409.0,0.4,1.0,0.39,1.0,0.68,1.0
2022-03-18 00:00:00+00:00,0.78,88459079.0,2.03,174672359.0,4.3,304000990.0,5.81,489044411.0,-0.4,0.0,0.17,1.0,0.17,1.0
2022-03-21 00:00:00+00:00,-0.01,81610209.0,0.78,170069288.0,2.02,256282568.0,6.57,481328137.0,0.54,1.0,0.72,1.0,0.43,1.0
2022-03-22 00:00:00+00:00,1.16,68274648.0,1.15,149884857.0,1.94,238343936.0,5.5,453885847.0,0.14,1.0,0.25,1.0,0.09,1.0
2022-03-23 00:00:00+00:00,-1.28,65688350.0,-0.14,133962998.0,-0.15,215573207.0,1.88,390245566.0,-0.11,0.0,0.51,1.0,0.29,1.0
2022-03-24 00:00:00+00:00,1.49,57485189.0,0.19,123173539.0,1.35,191448187.0,2.13,361517475.0,0.15,1.0,-0.46,0.0,-0.2,0.0
2022-03-25 00:00:00+00:00,0.5,67661185.0,1.99,125146374.0,0.69,190834724.0,1.84,340719581.0,0.18,1.0,0.08,1.0,-0.32,0.0
2022-03-28 00:00:00+00:00,0.71,60249425.0,1.21,127910610.0,2.71,185395799.0,2.57,319358797.0,-0.34,0.0,-0.2,0.0,-0.41,0.0
2022-03-29 00:00:00+00:00,1.25,80872558.0,1.97,141121983.0,2.48,208783168.0,2.67,331956707.0,-0.04,0.0,-0.26,0.0,-0.18,0.0
2022-03-30 00:00:00+00:00,-0.62,68867199.0,0.63,149739757.0,1.34,209989182.0,3.35,335135556.0,-0.16,0.0,-0.05,0.0,-0.21,0.0
2022-03-31 00:00:00+00:00,-1.54,94936400.0,-2.15,163803599.0,-0.93,244676157.0,0.27,372586767.0,-0.49,0.0,-0.36,0.0,-0.64,0.0
2022-04-01 00:00:00+00:00,0.28,72681230.0,-1.27,167617630.0,-1.88,236484829.0,0.05,377606812.0,0.4,1.0,0.49,1.0,0.57,1.0
2022-04-04 00:00:00+00:00,0.86,50248037.0,1.14,122929267.0,-0.42,217865667.0,0.2,367605424.0,-0.17,0.0,-0.15,0.0,-0.54,0.0
2022-04-05 00:00:00+00:00,-1.24,67146310.0,-0.4,117394347.0,-0.12,190075577.0,-2.27,353879176.0,-0.56,0.0,-0.46,0.0,-0.58,0.0
2022-04-06 00:00:00+00:00,-1.01,99913263.0,-2.24,167059573.0,-1.4,217307610.0,-2.65,384925240.0,0.02,1.0,-0.25,0.0,-0.28,0.0
2022-04-07 00:00:00+00:00,0.49,70043425.0,-0.52,169956688.0,-1.76,237102998.0,-0.64,360032265.0,-0.12,0.0,0.31,1.0,0.54,1.0
2022-04-08 00:00:00+00:00,-0.25,67865740.0,0.24,137909165.0,-0.77,237822428.0,-1.17,355216775.0,-0.43,0.0,-0.6,0.0,-0.66,0.0
2022-04-11 00:00:00+00:00,-1.71,78807076.0,-1.96,146672816.0,-1.48,216716241.0,-3.68,383775814.0,0.26,1.0,0.35,1.0,-0.16,0.0
2022-04-12 00:00:00+00:00,-0.39,78483410.0,-2.09,157290486.0,-2.34,225156226.0,-2.85,395112914.0,0.29,1.0,0.8,1.0,0.82,1.0
2022-04-13 00:00:00+00:00,1.16,65165070.0,0.77,143648480.0,-0.95,222455556.0,-0.71,360364721.0,-0.51,0.0,-0.34,0.0,-0.78,0.0
2022-04-14 00:00:00+00:00,-1.24,78099261.0,-0.09,143264331.0,-0.48,221747741.0,-2.42,368420557.0,0.45,1.0,0.11,1.0,-0.2,0.0
2022-04-18 00:00:00+00:00,0.03,55529467.0,-1.21,133628728.0,-0.06,198793798.0,-2.15,356084284.0,1.02,1.0,1.25,1.0,1.21,1.0
2022-04-19 00:00:00+00:00,1.6,67375788.0,1.63,122905255.0,0.37,201004516.0,1.15,344652996.0,-0.25,0.0,-0.3,0.0,-0.42,0.0
2022-04-20 00:00:00+00:00,-0.08,60510359.0,1.52,127886147.0,1.55,183415614.0,1.46,326679945.0,0.03,1.0,-0.41,0.0,-1.09,0.0
2022-04-21 00:00:00+00:00,-1.46,78198188.0,-1.54,138708547.0,0.04,206084335.0,-1.17,339713063.0,-0.86,0.0,-0.91,0.0,-1.32,0.0
2022-04-22 00:00:00+00:00,-2.76,105983283.0,-4.18,184181471.0,-4.26,244691830.0,-2.69,367597085.0,-0.24,0.0,-0.69,0.0,-0.47,0.0
2022-04-25 00:00:00+00:00,0.57,109489467.0,-2.2,215472750.0,-3.63,293670938.0,-2.17,421557085.0,-0.77,0.0,-1.15,0.0,-0.88,0.0
2022-04-26 00:00:00+00:00,-2.89,92468415.0,-2.34,201957882.0,-5.03,307941165.0,-6.49,446649712.0,-0.49,0.0,0.43,1.0,0.98,1.0
2022-04-27 00:00:00+00:00,0.27,107523946.0,-2.62,199992361.0,-2.07,309481828.0,-6.16,493663299.0,-0.9,0.0,-0.37,0.0,0.22,1.0
2022-04-28 00:00:00+00:00,2.52,96780409.0,2.8,204304355.0,-0.17,296772770.0,-2.37,512245520.0,-0.57,0.0,-0.63,0.0,-1.12,0.0
2022-04-29 00:00:00+00:00,-3.68,118532192.0,-1.25,215312601.0,-0.98,322836547.0,-3.29,524794429.0,0.41,1.0,-0.53,0.0,-0.3,0.0
2022-05-02 00:00:00+00:00,0.59,148836897.0,-3.11,267369089.0,-0.66,364149498.0,-3.27,564141859.0,0.17,1.0,0.71,1.0,0.4,1.0
2022-05-03 00:00:00+00:00,0.46,91811046.0,1.06,240647943.0,-2.66,359180135.0,0.07,563484490.0,-0.42,0.0,-0.66,0.0,-0.02,0.0
2022-05-04 00:00:00+00:00,3.02,132462349.0,3.5,224273395.0,4.11,373110292.0,2.81,588422893.0,-1.46,0.0,-2.25,0.0,-2.41,0.0
2022-05-05 00:00:00+00:00,-3.52,158965444.0,-0.61,291427793.0,-0.15,383238839.0,-3.25,650607928.0,-0.34,0.0,0.7,1.0,0.23,1.0
2022-05-06 00:00:00+00:00,-0.6,136321971.0,-4.11,295287415.0,-1.21,427749764.0,-0.16,668397707.0,-0.63,0.0,-1.2,0.0,-0.44,0.0
2022-05-09 00:00:00+00:00,-3.19,139643120.0,-3.78,275965091.0,-7.17,434930535.0,-3.92,659203930.0,-0.81,0.0,-2.07,0.0,-2.31,0.0
2022-05-10 00:00:00+00:00,0.21,123971360.0,-2.99,263614480.0,-3.58,399936451.0,-4.16,691364244.0,1.16,1.0,0.96,1.0,0.2,1.0
2022-05-11 00:00:00+00:00,-1.58,129782292.0,-1.37,253753652.0,-4.52,393396772.0,-8.45,688684187.0,0.48,1.0,0.73,1.0,0.1,1.0
2022-05-12 00:00:00+00:00,-0.1,118349889.0,-1.68,248132181.0,-1.47,372103541.0,-5.19,648068632.0,1.09,1.0,1.24,1.0,1.41,1.0
2022-05-13 00:00:00+00:00,2.37,94775964.0,2.27,213125853.0,0.65,342908145.0,-2.36,606522625.0,0.4,1.0,-0.22,0.0,0.1,1.0
2022-05-16 00:00:00+00:00,-0.37,71922824.0,2.0,166698788.0,1.89,285048677.0,0.49,538802329.0,-0.49,0.0,-0.25,0.0,-0.09,0.0
2022-05-17 00:00:00+00:00,2.01,76517444.0,1.64,148440268.0,4.05,243216232.0,2.3,491348413.0,-0.76,0.0,-1.6,0.0,-1.95,0.0
2022-05-18 00:00:00+00:00,-4.0,102296771.0,-2.07,178814215.0,-2.43,250737039.0,-0.22,463862892.0,0.25,1.0,0.24,1.0,0.79,1.0
2022-05-19 00:00:00+00:00,-0.63,91135844.0,-4.61,193432615.0,-2.69,269950059.0,-0.75,436648847.0,-0.49,0.0,-1.64,0.0,-2.18,0.0
2022-05-20 00:00:00+00:00,0.04,115181445.0,-0.59,206317289.0,-4.57,308614060.0,-3.0,457054328.0,0.27,1.0,0.76,1.0,0.92,1.0
2022-05-23 00:00:00+00:00,1.88,69168449.0,1.92,184349894.0,1.28,275485738.0,-0.82,454299953.0,-0.91,0.0,-1.01,0.0,-0.45,0.0
2022-05-24 00:00:00+00:00,-0.74,82861810.0,1.12,152030259.0,1.17,267211704.0,-3.5,460644319.0,1.04,1.0,0.92,1.0,0.36,1.0
2022-05-25 00:00:00+00:00,0.9,78977685.0,0.16,161839495.0,2.04,231007944.0,1.44,437325233.0,1.16,1.0,1.39,1.0,1.76,1.0
2022-05-26 00:00:00+00:00,1.95,70509534.0,2.87,149487219.0,2.11,232349029.0,4.07,416698923.0,0.93,1.0,0.96,1.0,1.09,1.0
2022-05-27 00:00:00+00:00,2.48,71503295.0,4.47,142012829.0,5.42,220990514.0,6.6,373020773.0,-0.47,0.0,-0.49,0.0,0.17,1.0
2022-05-31 00:00:00+00:00,-0.57,79818574.0,1.89,151321869.0,3.87,221831403.0,4.04,383670898.0,-1.18,0.0,-1.54,0.0,-1.84,0.0
2022-06-01 00:00:00+00:00,-0.81,79622865.0,-1.37,159441439.0,1.07,230944734.0,3.97,380431953.0,-0.25,0.0,0.65,1.0,1.22,1.0
2022-06-02 00:00:00+00:00,1.89,70210635.0,1.07,149833500.0,0.49,229652074.0,4.99,371664903.0,0.05,1.0,-0.54,0.0,-0.28,0.0
2022-06-03 00:00:00+00:00,-1.63,67307674.0,0.24,137518309.0,-0.57,217141174.0,1.31,368463043.0,0.28,1.0,-0.33,0.0,-0.83,0.0
2022-06-06 00:00:00+00:00,0.29,52411754.0,-1.34,119719428.0,0.52,189930063.0,-0.86,349371502.0,0.75,1.0,0.86,1.0,0.76,1.0
2022-06-07 00:00:00+00:00,0.95,51963090.0,1.24,104374844.0,-0.4,171682518.0,0.67,321516018.0,0.11,1.0,0.32,1.0,0.02,1.0
2022-06-08 00:00:00+00:00,-1.06,55603567.0,-0.12,107566657.0,0.17,159978411.0,0.41,297496720.0,0.25,1.0,-0.21,0.0,-0.04,0.0
2022-06-09 00:00:00+00:00,-2.39,75149022.0,-3.42,130752589.0,-2.5,182715679.0,-3.81,302435107.0,-1.17,0.0,-1.14,0.0,-1.02,0.0
2022-06-10 00:00:00+00:00,-2.9,115531567.0,-5.22,190680589.0,-6.23,246284156.0,-5.06,350659000.0,-0.7,0.0,-0.65,0.0,-0.21,0.0
2022-06-13 00:00:00+00:00,-3.8,139192016.0,-6.59,254723583.0,-8.82,329872605.0,-8.93,437439262.0,-0.72,0.0,-0.72,0.0,-0.87,0.0
2022-06-14 00:00:00+00:00,-0.31,97705003.0,-4.1,236897019.0,-6.88,352428586.0,-10.07,483181175.0,0.41,1.0,-0.08,0.0,0.27,1.0
2022-06-15 00:00:00+00:00,1.42,112865389.0,1.1,210570392.0,-2.74,349762408.0,-7.82,540442997.0,-0.43,0.0,-0.65,0.0,-0.78,0.0
2022-06-16 00:00:00+00:00,-3.23,114646589.0,-1.86,227511978.0,-2.17,325216981.0,-8.61,579940564.0,-0.25,0.0,0.26,1.0,0.04,1.0
2022-06-17 00:00:00+00:00,-0.29,93673179.0,-3.51,208319768.0,-2.14,321185157.0,-6.15,558082176.0,0.84,1.0,0.85,1.0,0.74,1.0
2022-06-21 00:00:00+00:00,2.52,68566595.0,2.23,162239774.0,-1.07,276886363.0,0.02,487456755.0,1.67,1.0,1.64,1.0,1.32,1.0
2022-06-22 00:00:00+00:00,-0.18,78303947.0,2.34,146870542.0,2.04,240543721.0,0.15,468055699.0,-0.07,0.0,0.08,1.0,-0.54,0.0
2022-06-23 00:00:00+00:00,0.99,69632303.0,0.81,147936250.0,3.35,216502845.0,-0.27,424822613.0,1.34,1.0,1.44,1.0,1.43,1.0
2022-06-24 00:00:00+00:00,3.16,80373819.0,4.19,150006122.0,4.0,228310069.0,6.32,390549843.0,-0.75,0.0,-0.06,0.0,-0.51,0.0
2022-06-27 00:00:00+00:00,-0.36,58738240.0,2.79,139112059.0,3.81,208744362.0,6.23,355614904.0,-0.16,0.0,-1.14,0.0,-1.36,0.0
2022-06-28 00:00:00+00:00,-2.04,75278179.0,-2.39,134016419.0,0.69,214390238.0,1.51,362326488.0,-0.03,0.0,-0.34,0.0,-0.69,0.0
2022-06-29 00:00:00+00:00,-0.09,60983551.0,-2.13,136261730.0,-2.48,194999970.0,1.6,345006092.0,-0.72,0.0,0.27,1.0,0.96,1.0
2022-06-30 00:00:00+00:00,-0.81,96405247.0,-0.9,157388798.0,-2.92,232666977.0,-0.22,371779036.0,-0.59,0.0,-0.26,0.0,-0.11,0.0
2022-07-01 00:00:00+00:00,1.04,66742326.0,0.22,163147573.0,0.13,224131124.0,-2.27,358147543.0,-0.38,0.0,-0.56,0.0,0.21,1.0
2022-07-05 00:00:00+00:00,0.2,71765279.0,1.24,138507605.0,0.42,234912852.0,-1.72,371174582.0,0.06,1.0,-0.36,0.0,-0.34,0.0
2022-07-06 00:00:00+00:00,0.35,63619782.0,0.55,135385061.0,1.6,202127387.0,0.68,359516185.0,0.45,1.0,0.52,1.0,0.75,1.0
2022-07-07 00:00:00+00:00,1.47,55948949.0,1.83,119568731.0,2.03,191334010.0,2.26,354481583.0,0.47,1.0,0.79,1.0,0.18,1.0
2022-07-08 00:00:00+00:00,-0.07,62846031.0,1.4,118794980.0,1.76,182414762.0,3.02,320922367.0,-0.4,0.0,-0.21,0.0,-0.3,0.0
2022-07-11 00:00:00+00:00,-1.13,50649135.0,-1.2,113495166.0,0.25,169444115.0,0.81,304829176.0,-0.18,0.0,0.36,1.0,0.26,1.0
2022-07-12 00:00:00+00:00,-0.89,54249150.0,-2.01,104898285.0,-2.08,167744316.0,-0.29,287313047.0,0.13,1.0,0.72,1.0,0.99,1.0
2022-07-13 00:00:00+00:00,-0.53,76547296.0,-1.41,130796446.0,-2.53,181445581.0,-1.16,300240561.0,-0.44,0.0,0.16,1.0,0.16,1.0
2022-07-14 00:00:00+00:00,-0.24,78540625.0,-0.76,155087921.0,-1.64,209337071.0,-2.83,322832237.0,0.28,1.0,0.34,1.0,0.19,1.0
2022-07-15 00:00:00+00:00,1.89,69557660.0,1.65,148098285.0,1.11,224645581.0,-0.92,329543866.0,-0.16,0.0,-0.19,0.0,-0.13,0.0
2022-07-18 00:00:00+00:00,-0.81,54317892.0,1.07,123875552.0,0.83,202416177.0,-0.6,333212623.0,0.51,1.0,0.84,1.0,0.96,1.0
2022-07-19 00:00:00+00:00,2.69,68090975.0,1.86,122408867.0,3.78,191966527.0,2.99,347054448.0,0.27,1.0,0.69,1.0,0.76,1.0
2022-07-20 00:00:00+00:00,0.65,62653652.0,3.35,130744627.0,2.52,185062519.0,4.21,333160804.0,-0.53,0.0,0.16,1.0,0.81,1.0
2022-07-21 00:00:00+00:00,1.02,57762699.0,1.67,120416351.0,4.41,188507326.0,5.52,312382878.0,-0.11,0.0,-0.55,0.0,-0.84,0.0
2022-07-22 00:00:00+00:00,-0.93,61259687.0,0.08,119022386.0,0.73,181676038.0,2.6,304084905.0,-0.28,0.0,-0.04,0.0,-0.12,0.0
2022-07-25 00:00:00+00:00,0.11,45735930.0,-0.82,106995617.0,0.19,164758316.0,3.55,295502943.0,-0.33,0.0,-0.63,0.0,-0.66,0.0
2022-07-26 00:00:00+00:00,-1.17,47451796.0,-1.06,93187726.0,-1.98,154447413.0,-0.34,274863764.0,0.35,1.0,0.45,1.0,0.62,1.0
2022-07-27 00:00:00+00:00,2.58,70221438.0,1.38,117673234.0,1.49,163409164.0,1.57,282431550.0,-0.93,0.0,0.34,1.0,0.43,1.0
2022-07-28 00:00:00+00:00,1.25,63725863.0,3.86,133947301.0,2.65,181399097.0,1.8,288394714.0,0.74,1.0,0.18,1.0,0.5,1.0
2022-07-29 00:00:00+00:00,1.49,67740644.0,2.76,131466507.0,5.41,201687945.0,4.29,294875671.0,0.21,1.0,0.84,1.0,0.65,1.0
2022-08-01 00:00:00+00:00,-0.32,61683909.0,1.16,129424553.0,2.43,193150416.0,3.84,310823650.0,0.07,1.0,0.39,1.0,0.9,1.0
2022-08-02 00:00:00+00:00,-0.64,55749260.0,-0.95,117433169.0,0.52,185173813.0,4.4,319121114.0,0.33,1.0,0.53,1.0,0.71,1.0
2022-08-03 00:00:00+00:00,1.54,56696332.0,0.9,112445592.0,0.58,174129501.0,3.35,305596008.0,-0.21,0.0,-0.24,0.0,0.06,1.0
2022-08-04 00:00:00+00:00,-0.06,40911939.0,1.48,97608271.0,0.84,153357531.0,2.01,282782084.0,0.92,1.0,0.14,1.0,0.49,1.0
2022-08-05 00:00:00+00:00,-0.17,52710224.0,-0.23,93622163.0,1.31,150318495.0,0.34,267751664.0,0.37,1.0,0.12,1.0,-0.58,0.0
2022-08-08 00:00:00+00:00,-0.11,49698368.0,-0.28,102408592.0,-0.34,143320531.0,0.56,255766123.0,-0.13,0.0,-0.07,0.0,-0.4,0.0
2022-08-09 00:00:00+00:00,-0.4,40969920.0,-0.51,90668288.0,-0.68,143378512.0,0.79,240986783.0,-0.22,0.0,0.17,1.0,0.05,1.0
2022-08-10 00:00:00+00:00,2.09,61837991.0,1.68,102807911.0,1.57,152506279.0,1.33,246128442.0,0.22,1.0,-0.19,0.0,-0.22,0.0
2022-08-11 00:00:00+00:00,0.01,52247562.0,2.11,114085553.0,1.69,155055473.0,1.41,257464065.0,0.12,1.0,0.33,1.0,0.52,1.0
2022-08-12 00:00:00+00:00,1.68,51728752.0,1.7,103976314.0,3.82,165814305.0,3.29,256482593.0,0.3,1.0,0.37,1.0,0.84,1.0
2022-08-15 00:00:00+00:00,0.42,47812237.0,2.11,99540989.0,2.12,151788551.0,3.84,254596462.0,0.01,1.0,0.32,1.0,0.53,1.0
2022-08-16 00:00:00+00:00,0.19,51552210.0,0.61,99364447.0,2.3,151093199.0,4.46,265178752.0,0.16,1.0,0.06,1.0,0.07,1.0
2022-08-17 00:00:00+00:00,-0.71,58638249.0,-0.52,110190459.0,-0.1,158002696.0,1.6,261979010.0,-0.2,0.0,0.12,1.0,-0.09,0.0
2022-08-18 00:00:00+00:00,0.28,42453500.0,-0.43,101091749.0,-0.24,152643959.0,1.86,252184948.0,-0.42,0.0,-0.64,0.0,-0.57,0.0
2022-08-19 00:00:00+00:00,-1.33,59101181.0,-1.06,101554681.0,-1.75,160192930.0,-1.15,259557377.0,-0.52,0.0,-0.49,0.0,-0.46,0.0
2022-08-22 00:00:00+00:00,-2.07,63482975.0,-3.37,122584156.0,-3.1,165037656.0,-3.6,275228115.0,0.27,1.0,-0.02,0.0,-0.26,0.0
2022-08-23 00:00:00+00:00,-0.27,44828919.0,-2.33,108311894.0,-3.63,167413075.0,-4.04,268504824.0,0.28,1.0,0.57,1.0,0.55,1.0
2022-08-24 00:00:00+00:00,0.32,40461585.0,0.05,85290504.0,-2.02,148773479.0,-3.05,250328160.0,0.51,1.0,0.11,1.0,0.1,1.0
2022-08-25 00:00:00+00:00,1.42,44511969.0,1.74,84973554.0,1.47,129802473.0,-1.95,252386629.0,-1.08,0.0,-1.95,0.0,-2.24,0.0
2022-08-26 00:00:00+00:00,-3.38,88104991.0,-2.01,132616960.0,-1.7,173078545.0,-3.99,281390439.0,0.32,1.0,0.01,1.0,0.43,1.0
2022-08-29 00:00:00+00:00,-0.66,61839848.0,-4.02,149944839.0,-2.66,194456808.0,-2.61,279747312.0,-0.94,0.0,-1.26,0.0,-1.26,0.0
2022-08-30 00:00:00+00:00,-1.11,79178462.0,-1.76,141018310.0,-5.08,229123301.0,-3.43,314096855.0,-0.46,0.0,-0.6,0.0,-0.48,0.0
2022-08-31 00:00:00+00:00,-0.77,63295228.0,-1.86,142473690.0,-2.51,204313538.0,-4.47,336930498.0,-0.17,0.0,-0.62,0.0,-0.4,0.0
2022-09-01 00:00:00+00:00,0.32,72085122.0,-0.45,135380350.0,-1.55,214558812.0,-5.51,364503651.0,0.17,1.0,0.3,1.0,-0.28,0.0
2022-09-02 00:00:00+00:00,-1.05,85161665.0,-0.73,157246787.0,-1.49,220542015.0,-3.23,361560325.0,-0.69,0.0,-0.28,0.0,-0.51,0.0
2022-09-06 00:00:00+00:00,-0.37,69427899.0,-1.42,154589564.0,-1.1,226674686.0,-2.94,369148376.0,0.5,1.0,0.89,1.0,0.78,1.0
2022-09-07 00:00:00+00:00,1.79,62138750.0,1.41,131566649.0,0.35,216728314.0,-0.1,352108664.0,0.63,1.0,1.24,1.0,0.2,1.0
2022-09-08 00:00:00+00:00,0.66,72712498.0,2.46,134851248.0,2.08,204279147.0,1.33,361525934.0,0.59,1.0,0.69,1.0,0.51,1.0
2022-09-09 00:00:00+00:00,1.54,63802500.0,2.21,136514998.0,4.04,198653748.0,2.57,353243312.0,0.59,1.0,0.52,1.0,0.16,1.0
2022-09-12 00:00:00+00:00,1.08,59742296.0,2.63,123544796.0,3.31,196257294.0,4.77,327823943.0,-0.43,0.0,-0.94,0.0,-0.94,0.0
2022-09-13 00:00:00+00:00,-4.34,107630186.0,-3.31,167372482.0,-1.82,231174982.0,0.6,366026230.0,-0.63,0.0,0.02,1.0,-0.02,0.0
2022-09-14 00:00:00+00:00,0.38,74042482.0,-3.98,181672668.0,-2.94,241414964.0,-0.8,377929962.0,-0.05,0.0,-0.22,0.0,-0.63,0.0
2022-09-15 00:00:00+00:00,-1.14,79017890.0,-0.76,153060372.0,-5.07,260690558.0,-2.56,384235354.0,0.04,1.0,-0.17,0.0,-0.46,0.0
2022-09-16 00:00:00+00:00,-1.15,86906919.0,-2.28,165924809.0,-1.91,239967291.0,-5.15,407339773.0,0.91,1.0,0.77,1.0,0.6,1.0
2022-09-19 00:00:00+00:00,0.75,61618934.0,-0.41,148525853.0,-1.54,227543743.0,-5.45,409216411.0,-0.28,0.0,-0.12,0.0,-0.13,0.0
2022-09-20 00:00:00+00:00,-1.12,68151025.0,-0.38,129769959.0,-1.53,216676878.0,-2.28,369737250.0,0.27,1.0,-0.07,0.0,0.1,1.0
2022-09-21 00:00:00+00:00,-1.76,95457504.0,-2.87,163608529.0,-2.14,225227463.0,-4.36,391152272.0,-0.42,0.0,-0.78,0.0,-0.58,0.0
2022-09-22 00:00:00+00:00,-0.84,81725005.0,-2.59,177182509.0,-3.69,245333534.0,-4.08,393859387.0,-0.41,0.0,-0.68,0.0,-1.39,0.0
2022-09-23 00:00:00+00:00,-1.68,105320153.0,-2.51,187045158.0,-4.23,282502662.0,-4.59,412272621.0,0.81,1.0,-0.25,0.0,-0.6,0.0
2022-09-26 00:00:00+00:00,-0.98,81148011.0,-2.65,186468164.0,-3.47,268193169.0,-6.24,431801698.0,-0.33,0.0,-0.79,0.0,-1.58,0.0
2022-09-27 00:00:00+00:00,-0.25,99937353.0,-1.23,181085364.0,-2.89,286405517.0,-5.41,463588026.0,0.56,1.0,0.8,1.0,1.09,1.0
2022-09-28 00:00:00+00:00,1.96,93975770.0,1.7,193913123.0,0.7,275061134.0,-1.82,462106292.0,-1.36,0.0,-1.1,0.0,-1.09,0.0
2022-09-29 00:00:00+00:00,-2.09,100009359.0,-0.17,193985129.0,-0.42,293922482.0,-3.05,480390646.0,0.35,1.0,0.96,1.0,0.17,1.0
2022-09-30 00:00:00+00:00,-1.55,168181885.0,-3.6,268191244.0,-1.71,362167014.0,-2.92,543252378.0,0.9,1.0,1.06,1.0,0.73,1.0
2022-10-03 00:00:00+00:00,2.64,81314584.0,1.05,249496469.0,-1.06,349505828.0,0.63,543418951.0,0.96,1.0,1.3,1.0,1.29,1.0
2022-10-04 00:00:00+00:00,3.1,89520083.0,5.82,170834667.0,4.18,339016552.0,4.01,533001681.0,-0.58,0.0,-0.3,0.0,0.21,1.0
2022-10-05 00:00:00+00:00,-0.21,78488854.0,2.87,168008937.0,5.59,249323521.0,1.79,517514765.0,-0.58,0.0,0.18,1.0,-0.14,0.0
2022-10-06 00:00:00+00:00,-1.05,74567121.0,-1.26,153055975.0,1.8,242576058.0,2.87,492072527.0,-0.69,0.0,-0.79,0.0,-1.2,0.0
2022-10-07 00:00:00+00:00,-2.79,92610633.0,-3.8,167177754.0,-4.01,245666608.0,1.57,416501275.0,-0.41,0.0,-1.01,0.0,-1.36,0.0
2022-10-10 00:00:00+00:00,-0.75,66755409.0,-3.52,159366042.0,-4.53,233933163.0,-1.78,401942100.0,-0.44,0.0,0.28,1.0,0.82,1.0
2022-10-11 00:00:00+00:00,-0.65,85149301.0,-1.4,151904710.0,-4.15,244515343.0,-5.35,397571318.0,0.06,1.0,0.16,1.0,0.01,1.0
2022-10-12 00:00:00+00:00,-0.33,68713503.0,-0.98,153862804.0,-1.72,220618213.0,-5.46,387795967.0,0.86,1.0,3.2,1.0,3.53,1.0
2022-10-13 00:00:00+00:00,2.64,139185332.0,2.3,207898835.0,1.64,293048136.0,-1.94,452414178.0,-1.76,0.0,-1.7,0.0,-2.37,0.0
2022-10-14 00:00:00+00:00,-2.27,110087551.0,0.31,249272883.0,-0.02,317986386.0,-1.41,469891096.0,0.75,1.0,0.65,1.0,0.78,1.0
2022-10-17 00:00:00+00:00,2.56,83754594.0,0.23,193842145.0,2.88,333027477.0,1.87,486890281.0,-0.81,0.0,-1.67,0.0,-1.34,0.0
2022-10-18 00:00:00+00:00,1.18,89402750.0,3.77,173157344.0,1.41,283244895.0,3.75,491143730.0,0.7,1.0,0.15,1.0,-0.21,0.0
2022-10-19 00:00:00+00:00,-0.7,71019778.0,0.47,160422528.0,3.04,244177122.0,3.37,493450005.0,1.12,1.0,0.61,1.0,0.04,1.0
2022-10-20 00:00:00+00:00,-0.85,80609733.0,-1.54,151629511.0,-0.38,241032261.0,-0.15,434874406.0,0.89,1.0,1.0,1.0,1.45,1.0
2022-10-21 00:00:00+00:00,2.42,114404128.0,1.55,195013861.0,0.85,266033639.0,4.64,439190983.0,-0.29,0.0,0.28,1.0,0.64,1.0
2022-10-24 00:00:00+00:00,1.22,73822282.0,3.68,188226410.0,2.79,268836143.0,3.28,429258671.0,1.05,1.0,1.18,1.0,1.29,1.0
2022-10-25 00:00:00+00:00,1.59,70212495.0,2.83,144034777.0,5.33,258438905.0,3.7,410068416.0,0.77,1.0,1.37,1.0,1.2,1.0
2022-10-26 00:00:00+00:00,-0.73,93693035.0,0.85,163905530.0,2.08,237727812.0,3.67,432741673.0,0.39,1.0,-0.17,0.0,-0.75,0.0
2022-10-27 00:00:00+00:00,-0.55,71238961.0,-1.28,164931996.0,0.3,235144491.0,3.98,423370901.0,1.05,1.0,1.38,1.0,1.84,1.0
2022-10-28 00:00:00+00:00,2.37,85620617.0,1.81,156859578.0,1.07,250552613.0,3.93,394587390.0,-0.17,0.0,0.22,1.0,0.12,1.0
2022-10-31 00:00:00+00:00,-0.71,81095862.0,1.64,166716479.0,1.08,237955440.0,1.95,401860970.0,-0.97,0.0,-1.45,0.0,-1.45,0.0
2022-11-01 00:00:00+00:00,-0.44,75483213.0,-1.15,156579075.0,1.2,242199692.0,-0.09,407131688.0,-0.42,0.0,-0.33,0.0,-0.56,0.0
2022-11-02 00:00:00+00:00,-2.52,114983453.0,-2.94,190466666.0,-3.64,271562528.0,-1.89,428422106.0,0.31,1.0,0.07,1.0,0.44,1.0
2022-11-03 00:00:00+00:00,-1.02,76589566.0,-3.52,191573019.0,-3.94,267056232.0,-2.36,433772711.0,0.25,1.0,-0.73,0.0,-1.14,0.0
2022-11-04 00:00:00+00:00,1.44,87099061.0,0.4,163688627.0,-2.13,278672080.0,-3.25,435251155.0,-0.23,0.0,0.02,1.0,-0.15,0.0
2022-11-07 00:00:00+00:00,0.96,57713485.0,2.41,144812546.0,1.36,221402112.0,-1.62,411868778.0,0.34,1.0,0.87,1.0,0.96,1.0
2022-11-08 00:00:00+00:00,0.53,75531987.0,1.5,133245472.0,2.96,220344533.0,-0.66,411917552.0,-0.09,0.0,-0.21,0.0,-0.43,0.0
2022-11-09 00:00:00+00:00,-2.05,68619591.0,-1.53,144151578.0,-0.58,201865063.0,-0.19,365553690.0,0.35,1.0,0.62,1.0,0.58,1.0
2022-11-10 00:00:00+00:00,5.48,121275977.0,3.32,189895568.0,3.87,265427555.0,6.37,410240101.0,0.4,1.0,-0.25,0.0,0.15,1.0
2022-11-11 00:00:00+00:00,0.98,80586888.0,6.51,201862865.0,4.33,270482456.0,5.89,403727928.0,0.31,1.0,0.04,1.0,0.44,1.0
2022-11-14 00:00:00+00:00,-0.84,62963998.0,0.13,143550886.0,5.62,264826863.0,4.0,408978441.0,0.1,1.0,-0.24,0.0,-0.29,0.0
2022-11-15 00:00:00+00:00,0.85,83330637.0,0.01,146294635.0,0.98,226881523.0,4.33,416777091.0,-0.12,0.0,-0.09,0.0,-0.12,0.0
2022-11-16 00:00:00+00:00,-0.76,58123900.0,0.09,141454537.0,-0.75,204418535.0,5.71,406281400.0,0.39,1.0,0.2,1.0,0.65,1.0
2022-11-17 00:00:00+00:00,-0.31,63582866.0,-1.07,121706766.0,-0.23,205037403.0,-0.1,348588289.0,-0.5,0.0,-0.47,0.0,-0.87,0.0
2022-11-18 00:00:00+00:00,0.46,74728531.0,0.14,138311397.0,-0.61,196435297.0,-0.61,342729932.0,-0.34,0.0,-0.38,0.0,-0.4,0.0
2022-11-21 00:00:00+00:00,-0.38,43836901.0,0.08,118565432.0,-0.24,182148298.0,-0.15,323602835.0,0.16,1.0,0.22,1.0,0.25,1.0
2022-11-22 00:00:00+00:00,1.34,49727669.0,0.96,93564570.0,1.42,168293101.0,0.34,289999867.0,0.59,1.0,0.64,1.0,0.31,1.0
2022-11-23 00:00:00+00:00,0.63,58865393.0,1.98,108593062.0,1.6,152429963.0,1.74,290741360.0,0.17,1.0,0.11,1.0,0.17,1.0
2022-11-25 00:00:00+00:00,0.03,19413640.0,0.66,78279033.0,2.01,128006702.0,2.09,246572134.0,-0.07,0.0,-0.27,0.0,-0.27,0.0
2022-11-28 00:00:00+00:00,-1.64,52122631.0,-1.61,71536271.0,-0.99,130401664.0,-0.04,223966234.0,0.24,1.0,-0.58,0.0,-0.45,0.0
2022-11-29 00:00:00+00:00,-0.17,49484509.0,-1.8,101607140.0,-1.77,121020780.0,0.17,229613842.0,-0.33,0.0,-0.09,0.0,-0.4,0.0
2022-11-30 00:00:00+00:00,3.09,112513782.0,2.92,161998291.0,1.23,214120922.0,1.9,292399955.0,-0.76,0.0,-0.48,0.0,-0.34,0.0
2022-12-01 00:00:00+00:00,-0.02,68683240.0,3.07,181197022.0,2.89,230681531.0,1.24,302217802.0,0.02,1.0,0.14,1.0,0.48,1.0
2022-12-02 00:00:00+00:00,-0.13,74093674.0,-0.15,142776914.0,2.94,255290696.0,1.08,356897836.0,-0.29,0.0,-0.36,0.0,-0.64,0.0
2022-12-05 00:00:00+00:00,-1.78,66818211.0,-1.91,140911885.0,-1.93,209595125.0,0.93,371593416.0,-0.88,0.0,-0.99,0.0,-1.21,0.0
2022-12-06 00:00:00+00:00,-1.44,71377815.0,-3.2,138196026.0,-3.32,212289700.0,-0.35,393486722.0,0.46,1.0,-0.07,0.0,-0.0,0.0
2022-12-07 00:00:00+00:00,-0.18,56783420.0,-1.62,128161235.0,-3.37,194979446.0,-3.52,337756360.0,0.47,1.0,0.18,1.0,0.11,1.0
2022-12-08 00:00:00+00:00,0.78,53671105.0,0.6,110454525.0,-0.85,181832340.0,-2.74,322744225.0,0.22,1.0,0.5,1.0,0.42,1.0
2022-12-09 00:00:00+00:00,-0.74,65223465.0,0.04,118894570.0,-0.15,175677990.0,-3.34,313874016.0,0.08,1.0,0.31,1.0,0.32,1.0
2022-12-12 00:00:00+00:00,1.43,61960244.0,0.68,127183709.0,1.47,180854814.0,-0.17,309016049.0,-1.16,0.0,-1.38,0.0,-2.43,0.0
2022-12-13 00:00:00+00:00,0.76,112621615.0,2.2,174581859.0,1.45,239805324.0,2.05,350259849.0,0.63,1.0,0.81,1.0,0.54,1.0
2022-12-14 00:00:00+00:00,-0.63,98340491.0,0.12,210962106.0,1.56,272922350.0,1.59,391816920.0,-0.95,0.0,-1.3,0.0,-1.3,0.0
2022-12-15 00:00:00+00:00,-2.44,99954976.0,-3.06,198295467.0,-2.32,310917082.0,-1.66,438100791.0,-0.66,0.0,-0.71,0.0,-0.79,0.0
2022-12-16 00:00:00+00:00,-1.63,103297305.0,-4.03,203252281.0,-4.64,301592772.0,-2.54,476174631.0,0.01,1.0,-0.49,0.0,-0.64,0.0
2022-12-19 00:00:00+00:00,-0.86,63944005.0,-2.48,167241310.0,-4.86,267196286.0,-4.75,478158392.0,0.59,1.0,-0.01,0.0,0.38,1.0
2022-12-20 00:00:00+00:00,0.14,63493960.0,-0.73,127437965.0,-2.34,230735270.0,-5.33,429030737.0,0.5,1.0,0.84,1.0,0.62,1.0
2022-12-21 00:00:00+00:00,1.5,63976806.0,1.64,127470766.0,0.76,191414771.0,-3.3,394667052.0,-0.93,0.0,-1.02,0.0,-1.65,0.0
2022-12-22 00:00:00+00:00,-1.42,85958555.0,0.06,149935361.0,0.2,213429321.0,-2.28,380670631.0,0.46,1.0,0.34,1.0,0.65,1.0
2022-12-23 00:00:00+00:00,0.56,51628692.0,-0.86,137587247.0,0.63,201564053.0,-0.1,329002018.0,-0.1,0.0,-0.11,0.0,-0.17,0.0
2022-12-27 00:00:00+00:00,-0.4,46150233.0,0.17,97778925.0,-1.26,183737480.0,0.37,311208246.0,-0.17,0.0,-0.57,0.0,-0.91,0.0
2022-12-28 00:00:00+00:00,-1.23,61643263.0,-1.62,107793496.0,-1.07,159422188.0,-1.01,309357549.0,0.7,1.0,0.85,1.0,1.1,1.0
2022-12-29 00:00:00+00:00,1.77,57261023.0,0.52,118904286.0,0.12,165054519.0,-0.74,302641766.0,0.04,1.0,-0.21,0.0,0.03,1.0
2022-12-30 00:00:00+00:00,-0.24,68830614.0,1.53,126091637.0,0.28,187734900.0,0.44,285513825.0,-0.89,0.0,-1.13,0.0,-1.41,0.0
2023-01-03 00:00:00+00:00,-0.42,67399557.0,-0.66,136230171.0,1.1,193491194.0,-0.54,301284690.0,-0.4,0.0,0.1,1.0,0.53,1.0
2023-01-04 00:00:00+00:00,0.76,73867050.0,0.34,141266607.0,0.1,210097221.0,0.62,329001507.0,-0.39,0.0,-0.63,0.0,-0.52,0.0
2023-01-05 00:00:00+00:00,-1.13,67640808.0,-0.38,141507858.0,-0.8,208907415.0,0.72,334999052.0,0.18,1.0,0.81,1.0,0.87,1.0
2023-01-06 00:00:00+00:00,2.28,90842238.0,1.12,158483046.0,1.89,232350096.0,1.22,368580267.0,0.27,1.0,0.81,1.0,0.65,1.0
2023-01-09 00:00:00+00:00,-0.04,65596128.0,2.24,156438366.0,1.08,224079174.0,1.42,365345781.0,0.26,1.0,0.2,1.0,0.21,1.0
2023-01-10 00:00:00+00:00,0.71,54617327.0,0.66,120213455.0,2.96,211055693.0,2.57,352563551.0,0.21,1.0,0.1,1.0,0.31,1.0
2023-01-11 00:00:00+00:00,1.25,61472295.0,1.97,116089622.0,1.93,181685750.0,3.07,340168796.0,-0.19,0.0,-0.24,0.0,0.29,1.0
2023-01-12 00:00:00+00:00,0.37,80922941.0,1.63,142395236.0,2.34,197012563.0,4.63,353450929.0,0.73,1.0,0.6,1.0,0.73,1.0
2023-01-13 00:00:00+00:00,0.38,56408748.0,0.75,137331689.0,2.01,198803984.0,2.69,319017439.0,0.25,1.0,-0.26,0.0,-0.28,0.0
2023-01-17 00:00:00+00:00,-0.18,53476913.0,0.2,109885661.0,0.57,190808602.0,2.55,306898224.0,0.01,1.0,-1.0,0.0,-1.41,0.0
2023-01-18 00:00:00+00:00,-1.57,83602692.0,-1.74,137079605.0,-1.37,193488353.0,0.24,335883589.0,-0.08,0.0,-0.4,0.0,-0.26,0.0
2023-01-19 00:00:00+00:00,-0.73,74528375.0,-2.28,158131067.0,-2.45,211607980.0,-1.72,348939669.0,0.22,1.0,0.58,1.0,0.5,1.0
2023-01-20 00:00:00+00:00,1.84,80379132.0,1.1,154907507.0,-0.48,238510199.0,-0.28,348395860.0,0.77,1.0,1.18,1.0,1.23,1.0
2023-01-23 00:00:00+00:00,1.2,74069426.0,3.06,154448558.0,2.31,228976933.0,0.53,366056538.0,0.11,1.0,0.45,1.0,0.36,1.0
2023-01-24 00:00:00+00:00,-0.11,52955855.0,1.09,127025281.0,2.95,207404413.0,0.6,365535480.0,-0.21,0.0,0.1,1.0,0.25,1.0
2023-01-25 00:00:00+00:00,0.05,72921962.0,-0.05,125877817.0,1.14,199947243.0,2.26,354854750.0,-0.11,0.0,-0.52,0.0,-0.21,0.0
2023-01-26 00:00:00+00:00,1.08,62484811.0,1.13,135406773.0,1.03,188362628.0,4.12,342811186.0,0.51,1.0,0.33,1.0,0.57,1.0
2023-01-27 00:00:00+00:00,0.24,60232291.0,1.33,122717102.0,1.38,195639064.0,2.49,322664345.0,0.27,1.0,0.11,1.0,0.02,1.0
2023-01-30 00:00:00+00:00,-1.24,62147719.0,-1.01,122380010.0,0.06,184864821.0,0.01,310742638.0,0.39,1.0,0.5,1.0,0.58,1.0
2023-01-31 00:00:00+00:00,1.45,66665726.0,0.19,128813445.0,0.43,189045736.0,1.57,324452509.0,0.07,1.0,-0.01,0.0,-0.25,0.0
2023-02-01 00:00:00+00:00,1.07,92601845.0,2.54,159267571.0,1.26,221415290.0,2.6,344132392.0,-0.08,0.0,0.37,1.0,0.35,1.0
2023-02-02 00:00:00+00:00,1.46,89299606.0,2.54,181901451.0,4.03,248567177.0,2.98,370947187.0,0.83,1.0,1.16,1.0,1.12,1.0
2023-02-03 00:00:00+00:00,-1.06,80463043.0,0.38,169762649.0,1.45,262364494.0,1.64,391177939.0,-0.39,0.0,0.17,1.0,-0.16,0.0
2023-02-06 00:00:00+00:00,-0.59,51933257.0,-1.65,132396300.0,-0.21,221695906.0,2.32,380963477.0,-0.06,0.0,0.23,1.0,0.24,1.0
2023-02-07 00:00:00+00:00,1.28,81107784.0,0.68,133041041.0,-0.39,213504084.0,2.15,395405535.0,0.06,1.0,-0.56,0.0,-0.35,0.0
2023-02-08 00:00:00+00:00,-1.09,68524833.0,0.18,149632617.0,-0.41,201565874.0,-0.03,371328523.0,-0.51,0.0,-0.7,0.0,-0.74,0.0
2023-02-09 00:00:00+00:00,-0.86,71869947.0,-1.94,140394780.0,-0.68,221502564.0,-2.32,353898864.0,0.42,1.0,0.25,1.0,0.0,1.0
2023-02-10 00:00:00+00:00,0.23,61823074.0,-0.64,133693021.0,-1.72,202217854.0,-1.05,335258895.0,0.54,1.0,0.72,1.0,0.85,1.0
2023-02-13 00:00:00+00:00,1.18,58548871.0,1.4,120371945.0,0.53,192241892.0,0.71,341874509.0,0.75,1.0,-0.1,0.0,0.05,1.0
2023-02-14 00:00:00+00:00,-0.04,79159171.0,1.13,137708042.0,1.36,199531116.0,-0.6,339925896.0,0.13,1.0,0.42,1.0,0.16,1.0
2023-02-15 00:00:00+00:00,0.32,54170884.0,0.28,133330055.0,1.46,191878926.0,0.81,325571947.0,0.43,1.0,0.63,1.0,0.76,1.0
2023-02-16 00:00:00+00:00,-1.37,69487895.0,-1.05,123658779.0,-1.09,202817950.0,0.29,323189895.0,-0.05,0.0,-0.4,0.0,-0.16,0.0
2023-02-17 00:00:00+00:00,-0.26,72892150.0,-1.63,142380045.0,-1.31,196550929.0,-0.19,334258971.0,-0.46,0.0,-0.71,0.0,-0.83,0.0
2023-02-21 00:00:00+00:00,-1.99,72025057.0,-2.25,144917207.0,-3.59,214405102.0,-3.32,347735157.0,-0.27,0.0,-0.13,0.0,0.09,1.0
2023-02-22 00:00:00+00:00,-0.14,72814121.0,-2.13,144839178.0,-2.39,217731328.0,-3.41,341390107.0,-0.13,0.0,-0.89,0.0,-1.18,0.0
2023-02-23 00:00:00+00:00,0.52,89650692.0,0.38,162464813.0,-1.62,234489870.0,-3.22,376869915.0,-0.29,0.0,-0.02,0.0,0.03,1.0
2023-02-24 00:00:00+00:00,-1.06,97207789.0,-0.55,186858481.0,-0.68,259672602.0,-2.92,404589809.0,0.2,1.0,-0.37,0.0,-0.43,0.0
2023-02-27 00:00:00+00:00,0.33,72744522.0,-0.73,169952311.0,-0.22,259603003.0,-2.34,404442181.0,-0.01,0.0,0.17,1.0,0.28,1.0
2023-02-28 00:00:00+00:00,-0.38,77752548.0,-0.05,150497070.0,-1.11,247704859.0,-0.74,410169672.0,-0.16,0.0,-0.22,0.0,0.13,1.0
2023-03-01 00:00:00+00:00,-0.36,91260260.0,-0.74,169012808.0,-0.41,241757330.0,-0.95,428615811.0,0.34,1.0,0.26,1.0,0.31,1.0
2023-03-02 00:00:00+00:00,0.76,77776046.0,0.4,169036306.0,0.02,246788854.0,-0.71,416741165.0,0.53,1.0,0.49,1.0,0.74,1.0
2023-03-03 00:00:00+00:00,1.59,79562630.0,2.37,157338676.0,2.0,248598936.0,1.95,399096006.0,0.39,1.0,0.36,1.0,0.43,1.0
2023-03-06 00:00:00+00:00,0.08,66493898.0,1.68,146056528.0,2.45,223832574.0,1.69,392845382.0,-0.68,0.0,-1.07,0.0,-0.84,0.0
2023-03-07 00:00:00+00:00,-1.53,98618358.0,-1.45,165112256.0,0.12,244674886.0,0.52,413711192.0,0.06,1.0,0.05,1.0,-0.1,0.0
2023-03-08 00:00:00+00:00,0.16,67915978.0,-1.37,166534336.0,-1.29,233028234.0,1.05,390366910.0,0.09,1.0,-0.12,0.0,-0.14,0.0
2023-03-09 00:00:00+00:00,-1.84,101106925.0,-1.67,169022903.0,-3.18,267641261.0,-1.56,413697789.0,-0.4,0.0,0.5,1.0,-0.37,0.0
2023-03-10 00:00:00+00:00,-1.45,166703545.0,-3.26,267810470.0,-3.1,335726448.0,-4.51,500838704.0,0.56,1.0,2.05,1.0,1.59,1.0
2023-03-13 00:00:00+00:00,-0.16,146916985.0,-1.6,313620530.0,-3.41,414727455.0,-4.73,581261791.0,0.44,1.0,0.66,1.0,0.32,1.0
2023-03-14 00:00:00+00:00,1.66,133540080.0,1.5,280457065.0,0.03,447160610.0,-1.65,616183513.0,-0.09,0.0,0.02,1.0,-0.33,0.0
2023-03-15 00:00:00+00:00,-0.6,153064110.0,1.05,286604190.0,0.89,433521175.0,-2.4,701331645.0,0.27,1.0,1.6,1.0,1.8,1.0
2023-03-16 00:00:00+00:00,1.72,126146667.0,1.11,279210777.0,2.78,412750857.0,1.13,726371387.0,-0.51,0.0,-0.93,0.0,-0.64,0.0
2023-03-17 00:00:00+00:00,-1.49,124082634.0,0.2,250229301.0,-0.41,403293411.0,1.09,683750476.0,0.3,1.0,0.73,1.0,0.16,1.0
2023-03-20 00:00:00+00:00,0.91,87448928.0,-0.6,211531562.0,1.11,337678229.0,2.17,624282419.0,-0.2,0.0,-0.09,0.0,-0.19,0.0
2023-03-21 00:00:00+00:00,1.32,80618661.0,2.25,168067589.0,0.72,292150223.0,1.83,571361000.0,0.29,1.0,0.08,1.0,-0.08,0.0
2023-03-22 00:00:00+00:00,-1.69,99432316.0,-0.39,180050977.0,0.52,267499905.0,0.71,517729206.0,0.4,1.0,0.72,1.0,0.65,1.0
2023-03-23 00:00:00+00:00,0.26,107201026.0,-1.44,206633342.0,-0.13,287252003.0,-0.73,498783565.0,0.21,1.0,-0.2,0.0,0.19,1.0
2023-03-24 00:00:00+00:00,0.66,94444113.0,0.93,201645139.0,-0.78,301077455.0,1.45,469145044.0,-0.24,0.0,-0.38,0.0,-0.33,0.0
2023-03-27 00:00:00+00:00,0.18,65586845.0,0.84,160030958.0,1.1,267231984.0,0.71,447282961.0,0.03,1.0,-0.01,0.0,-0.09,0.0
2023-03-28 00:00:00+00:00,-0.2,55165263.0,-0.03,120752108.0,0.63,215196221.0,-0.81,421829563.0,-0.11,0.0,-0.15,0.0,-0.01,0.0
2023-03-29 00:00:00+00:00,1.44,69378247.0,1.24,124543510.0,1.42,190130355.0,2.35,391775494.0,-0.07,0.0,-0.15,0.0,-0.32,0.0
2023-03-30 00:00:00+00:00,0.58,62925496.0,2.03,132303743.0,1.83,187469006.0,2.68,347499964.0,0.25,1.0,0.51,1.0,0.72,1.0
2023-03-31 00:00:00+00:00,1.41,93697967.0,2.0,156623463.0,3.47,226001710.0,3.44,346753818.0,0.57,1.0,0.05,1.0,0.19,1.0
2023-04-03 00:00:00+00:00,0.38,59803396.0,1.79,153501363.0,2.39,216426859.0,3.65,340970369.0,-0.28,0.0,-0.67,0.0,-0.81,0.0
2023-04-04 00:00:00+00:00,-0.54,61335103.0,-0.16,121138499.0,1.24,214836466.0,3.3,347140209.0,-0.15,0.0,-0.33,0.0,-0.43,0.0
2023-04-05 00:00:00+00:00,-0.26,58662428.0,-0.8,119997531.0,-0.42,179800927.0,1.57,336424390.0,0.02,1.0,0.1,1.0,0.42,1.0
2023-04-06 00:00:00+00:00,0.38,55924915.0,0.12,114587343.0,-0.42,175922446.0,1.36,329423809.0,-0.03,0.0,0.19,1.0,0.07,1.0
2023-04-10 00:00:00+00:00,0.11,57579560.0,0.49,113504475.0,0.23,172166903.0,0.07,293305402.0,0.04,1.0,-0.01,0.0,0.11,1.0
2023-04-11 00:00:00+00:00,0.01,51123992.0,0.12,108703552.0,0.5,164628467.0,-0.3,284625998.0,-0.07,0.0,-0.55,0.0,-0.33,0.0
2023-04-12 00:00:00+00:00,-0.4,77766523.0,-0.39,128890515.0,-0.28,186470075.0,-0.16,301057418.0,0.38,1.0,0.39,1.0,0.54,1.0
2023-04-13 00:00:00+00:00,1.32,74434512.0,0.92,152201035.0,0.93,203325027.0,1.43,316829502.0,-0.11,0.0,-0.3,0.0,-0.4,0.0
2023-04-14 00:00:00+00:00,-0.23,70218461.0,1.09,144652973.0,0.69,222419496.0,0.81,331123048.0,0.09,1.0,-0.05,0.0,-0.16,0.0
2023-04-17 00:00:00+00:00,0.34,61548696.0,0.12,131767157.0,1.44,206201669.0,1.04,335092184.0,-0.41,0.0,-0.42,0.0,-0.25,0.0
2023-04-18 00:00:00+00:00,0.07,57881045.0,0.41,119429741.0,0.18,189648202.0,1.1,341849237.0,0.18,1.0,0.26,1.0,0.41,1.0
2023-04-19 00:00:00+00:00,0.0,50179706.0,0.07,108060751.0,0.41,169609447.0,1.51,314262420.0,0.2,1.0,0.2,1.0,0.3,1.0
2023-04-20 00:00:00+00:00,-0.56,67504056.0,-0.56,117683762.0,-0.5,175564807.0,-0.38,307331964.0,-0.03,0.0,-0.22,0.0,-0.18,0.0
2023-04-21 00:00:00+00:00,0.07,65136757.0,-0.49,132640813.0,-0.49,182820519.0,-0.08,302250260.0,0.23,1.0,-0.18,0.0,-0.15,0.0
2023-04-24 00:00:00+00:00,0.11,57673647.0,0.18,122810404.0,-0.38,190314460.0,-0.32,298375211.0,-0.22,0.0,-0.24,0.0,-0.41,0.0
2023-04-25 00:00:00+00:00,-1.58,79898127.0,-1.47,137571774.0,-1.4,202708531.0,-1.95,320392293.0,-0.33,0.0,0.11,1.0,0.1,1.0
2023-04-26 00:00:00+00:00,-0.43,70374348.0,-2.0,150272475.0,-1.89,207946122.0,-2.38,340586935.0,0.29,1.0,0.44,1.0,0.62,1.0
2023-04-27 00:00:00+00:00,1.99,78788675.0,1.55,149163023.0,-0.05,229061150.0,0.13,351871554.0,0.68,1.0,0.45,1.0,0.74,1.0
2023-04-28 00:00:00+00:00,0.85,76350064.0,2.86,155138739.0,2.42,225513087.0,0.91,363084861.0,0.13,1.0,0.09,1.0,0.32,1.0
2023-05-01 00:00:00+00:00,-0.1,56397218.0,0.75,132747282.0,2.76,211535957.0,0.7,361808432.0,-0.92,0.0,-1.45,0.0,-1.24,0.0
2023-05-02 00:00:00+00:00,-1.12,97512547.0,-1.22,153909765.0,-0.38,230259829.0,1.17,379422852.0,0.02,1.0,-0.18,0.0,0.09,1.0
2023-05-03 00:00:00+00:00,-0.7,81128943.0,-1.82,178641490.0,-1.91,235038708.0,0.89,390177447.0,-0.72,0.0,-0.42,0.0,-0.37,0.0
2023-05-04 00:00:00+00:00,-0.69,83974395.0,-1.38,165103338.0,-2.49,262615885.0,-1.76,395363167.0,0.46,1.0,0.58,1.0,0.46,1.0
2023-05-05 00:00:00+00:00,1.83,73504083.0,1.13,157478478.0,0.42,238607421.0,-0.81,392517186.0,-0.27,0.0,-0.21,0.0,-0.15,0.0
2023-05-08 00:00:00+00:00,0.05,46474938.0,1.88,119979021.0,1.18,203953416.0,-0.66,382594906.0,0.07,1.0,0.07,1.0,-0.03,0.0
2023-05-09 00:00:00+00:00,-0.44,43481630.0,-0.4,89956568.0,1.43,163460651.0,0.02,328563989.0,-0.43,0.0,-0.47,0.0,-0.6,0.0
2023-05-10 00:00:00+00:00,0.45,86543031.0,0.0,130024661.0,0.05,176499599.0,1.18,333978077.0,-0.21,0.0,-0.07,0.0,0.02,1.0
2023-05-11 00:00:00+00:00,-0.15,61188494.0,0.3,147731525.0,-0.15,191213155.0,1.73,311192176.0,-0.35,0.0,-0.62,0.0,-0.81,0.0
2023-05-12 00:00:00+00:00,-0.14,59154450.0,-0.29,120342944.0,0.16,206885975.0,-0.24,296842543.0,-0.29,0.0,-0.06,0.0,-0.07,0.0
2023-05-15 00:00:00+00:00,0.34,48195270.0,0.2,107349720.0,0.05,168538214.0,0.05,298562875.0,-0.01,0.0,0.01,1.0,0.0,1.0
2023-05-16 00:00:00+00:00,-0.67,50780311.0,-0.33,98975581.0,-0.47,158130031.0,-0.17,305861556.0,-0.13,0.0,-0.04,0.0,0.14,1.0
2023-05-17 00:00:00+00:00,1.21,79942506.0,0.54,130722817.0,0.88,178918087.0,0.58,299261031.0,0.47,1.0,0.57,1.0,0.3,1.0
2023-05-18 00:00:00+00:00,0.97,85279110.0,2.19,165221616.0,1.51,216001927.0,1.71,323351647.0,0.11,1.0,-0.38,0.0,-0.45,0.0
2023-05-19 00:00:00+00:00,-0.15,89897760.0,0.82,175176870.0,2.04,255119376.0,1.7,354094957.0,0.12,1.0,0.16,1.0,0.06,1.0
2023-05-22 00:00:00+00:00,0.04,55149340.0,-0.11,145047100.0,0.85,230326210.0,1.4,361049027.0,0.16,1.0,0.19,1.0,0.04,1.0
2023-05-23 00:00:00+00:00,-1.12,74193525.0,-1.08,129342865.0,-1.23,219240625.0,0.94,384462241.0,-0.43,0.0,-0.29,0.0,-0.58,0.0
2023-05-24 00:00:00+00:00,-0.73,75325474.0,-1.84,149518999.0,-1.8,204668339.0,-1.0,379845209.0,-0.39,0.0,-0.27,0.0,-0.14,0.0
2023-05-25 00:00:00+00:00,0.86,81014145.0,0.13,156339619.0,-0.99,230533144.0,-1.1,375580244.0,0.93,1.0,0.78,1.0,1.08,1.0
2023-05-26 00:00:00+00:00,1.3,76039395.0,2.17,157053540.0,1.43,232379014.0,0.33,361721879.0,-0.32,0.0,-0.38,0.0,-0.46,0.0
2023-05-30 00:00:00+00:00,0.04,65378309.0,1.34,141417704.0,2.21,222431849.0,0.33,371950848.0,-0.37,0.0,-0.52,0.0,-0.4,0.0
2023-05-31 00:00:00+00:00,-0.55,87115600.0,-0.52,152493909.0,0.77,228533304.0,0.9,384872923.0,-0.02,0.0,0.5,1.0,0.87,1.0
2023-06-01 00:00:00+00:00,0.95,79616742.0,0.39,166732342.0,0.43,232110651.0,2.61,389164191.0,0.24,1.0,0.72,1.0,0.69,1.0
2023-06-02 00:00:00+00:00,1.45,81634148.0,2.41,161250890.0,1.85,248366490.0,3.21,389784194.0,-0.11,0.0,0.13,1.0,0.21,1.0
2023-06-05 00:00:00+00:00,-0.2,61239940.0,1.25,142874088.0,2.21,222490830.0,1.69,374984739.0,0.18,1.0,0.19,1.0,0.22,1.0
2023-06-06 00:00:00+00:00,0.22,56611803.0,0.03,117851743.0,1.48,199485891.0,1.88,366218233.0,-0.01,0.0,-0.16,0.0,-0.37,0.0
2023-06-07 00:00:00+00:00,-0.34,74488557.0,-0.11,131100360.0,-0.31,192340300.0,2.1,353591190.0,0.18,1.0,0.38,1.0,0.58,1.0
2023-06-08 00:00:00+00:00,0.6,53996594.0,0.25,128485151.0,0.48,185096954.0,1.74,327971042.0,0.43,1.0,-0.02,0.0,-0.18,0.0
2023-06-09 00:00:00+00:00,0.18,71579946.0,0.77,125576540.0,0.43,200065097.0,0.46,317916840.0,-0.0,0.0,-0.02,0.0,0.1,1.0
2023-06-12 00:00:00+00:00,0.91,66633711.0,1.09,138213657.0,1.69,192210251.0,1.57,323310611.0,0.08,1.0,0.32,1.0,0.3,1.0
2023-06-13 00:00:00+00:00,0.66,84961760.0,1.57,151595471.0,1.75,223175417.0,2.01,351660568.0,0.16,1.0,0.38,1.0,0.26,1.0
2023-06-14 00:00:00+00:00,0.12,88178880.0,0.78,173140640.0,1.7,239774351.0,2.48,365350891.0,0.72,1.0,1.01,1.0,1.05,1.0
2023-06-15 00:00:00+00:00,1.24,96142407.0,1.36,184321287.0,2.03,269283047.0,3.14,407496704.0,-0.14,0.0,-0.5,0.0,-0.29,0.0
2023-06-16 00:00:00+00:00,-0.71,95792309.0,0.51,191934716.0,0.64,280113596.0,2.22,431709067.0,-0.46,0.0,-0.32,0.0,-0.02,0.0
2023-06-20 00:00:00+00:00,-0.5,67800411.0,-1.21,163592720.0,0.01,259735127.0,0.79,432875767.0,-0.19,0.0,-0.19,0.0,-0.06,0.0
2023-06-21 00:00:00+00:00,-0.53,69588735.0,-1.03,137389146.0,-1.74,233181455.0,-0.4,417502742.0,0.38,1.0,0.21,1.0,0.3,1.0
2023-06-22 00:00:00+00:00,0.37,60298541.0,-0.16,129887276.0,-0.66,197687687.0,-0.15,389622403.0,0.17,1.0,0.06,1.0,0.37,1.0
2023-06-23 00:00:00+00:00,-0.77,75997751.0,-0.4,136296292.0,-0.93,205885027.0,-2.13,369477747.0,0.31,1.0,-0.03,0.0,-0.06,0.0
2023-06-26 00:00:00+00:00,-0.41,61252125.0,-1.17,137249876.0,-0.8,197548417.0,-1.82,334937563.0,0.04,1.0,0.28,1.0,0.47,1.0
2023-06-27 00:00:00+00:00,1.09,65203210.0,0.68,126455335.0,-0.09,202453086.0,-0.25,332340362.0,0.11,1.0,0.23,1.0,0.34,1.0
2023-06-28 00:00:00+00:00,0.06,64527165.0,1.15,129730375.0,0.74,190982500.0,0.34,327278792.0,0.17,1.0,0.38,1.0,0.49,1.0
2023-06-29 00:00:00+00:00,0.4,59570583.0,0.46,124097748.0,1.56,189300958.0,0.36,326550834.0,0.35,1.0,0.28,1.0,0.36,1.0
2023-06-30 00:00:00+00:00,1.16,84173671.0,1.57,143744254.0,1.63,208271419.0,2.32,334726754.0,0.13,1.0,0.14,1.0,0.22,1.0
2023-07-03 00:00:00+00:00,0.15,24061016.0,1.31,108234687.0,1.72,167805270.0,2.89,297535645.0,0.35,1.0,0.38,1.0,0.3,1.0
2023-07-05 00:00:00+00:00,-0.17,51075602.0,-0.02,75136618.0,1.14,159310289.0,1.6,283408037.0,-0.39,0.0,-0.47,0.0,-0.14,0.0
2023-07-06 00:00:00+00:00,-0.78,71102170.0,-0.95,122177772.0,-0.81,146238788.0,0.75,289983042.0,0.19,1.0,0.3,1.0,0.55,1.0
2023-07-07 00:00:00+00:00,-0.25,68977649.0,-1.03,140079819.0,-1.2,191155421.0,0.09,299390108.0,0.25,1.0,0.12,1.0,0.05,1.0
2023-07-10 00:00:00+00:00,0.25,53334949.0,-0.0,122312598.0,-0.78,193414768.0,-0.81,268551386.0,-0.04,0.0,0.03,1.0,0.09,1.0
2023-07-11 00:00:00+00:00,0.64,55642786.0,0.9,108977735.0,0.64,177955384.0,-0.32,300133156.0,0.19,1.0,0.05,1.0,-0.23,0.0
2023-07-12 00:00:00+00:00,0.8,107022967.0,1.44,162665753.0,1.7,216000702.0,0.65,356080521.0,-0.0,0.0,0.04,1.0,0.15,1.0
2023-07-13 00:00:00+00:00,0.79,62268857.0,1.6,169291824.0,2.25,224934610.0,2.24,347247208.0,0.01,1.0,0.0,1.0,-0.14,0.0
2023-07-14 00:00:00+00:00,-0.06,61886899.0,0.74,124155756.0,1.54,231178723.0,2.45,340156458.0,0.16,1.0,0.28,1.0,0.25,1.0
2023-07-17 00:00:00+00:00,0.35,45238072.0,0.29,107124971.0,1.09,169393828.0,2.55,332059581.0,0.25,1.0,0.4,1.0,0.55,1.0
2023-07-18 00:00:00+00:00,0.74,64493441.0,1.09,109731513.0,1.03,171618412.0,2.65,340910236.0,0.18,1.0,0.16,1.0,0.08,1.0
2023-07-19 00:00:00+00:00,0.2,58400077.0,0.95,122893518.0,1.3,168131590.0,2.04,292287346.0,-0.19,0.0,-0.13,0.0,-0.1,0.0
2023-07-20 00:00:00+00:00,-0.65,62239618.0,-0.44,120639695.0,0.29,185133136.0,0.59,292258107.0,-0.36,0.0,-0.03,0.0,-0.19,0.0
2023-07-21 00:00:00+00:00,0.0,59008039.0,-0.65,121247657.0,-0.44,179647734.0,0.64,289379247.0,0.17,1.0,0.2,1.0,0.25,1.0
2023-07-24 00:00:00+00:00,0.45,47968178.0,0.45,106976217.0,-0.2,169215835.0,0.74,292109353.0,0.18,1.0,0.23,1.0,0.32,1.0
2023-07-25 00:00:00+00:00,0.27,47676169.0,0.72,95644347.0,0.72,154652386.0,0.27,275292081.0,0.06,1.0,-0.02,0.0,0.04,1.0
2023-07-26 00:00:00+00:00,0.02,62461812.0,0.29,110137981.0,0.74,158106159.0,0.09,279353816.0,-0.29,0.0,-0.29,0.0,-0.14,0.0
2023-07-27 00:00:00+00:00,-0.67,81859672.0,-0.65,144321484.0,-0.38,191997653.0,0.06,298973870.0,0.11,1.0,0.34,1.0,0.38,1.0
2023-07-28 00:00:00+00:00,0.98,70593000.0,0.31,152452672.0,0.32,214914484.0,1.05,310558831.0,0.06,1.0,-0.03,0.0,-0.04,0.0
2023-07-31 00:00:00+00:00,0.19,49719534.0,1.18,120312534.0,0.5,202172206.0,0.79,312310187.0,-0.06,0.0,0.01,1.0,-0.09,0.0
2023-08-01 00:00:00+00:00,-0.29,48709126.0,-0.1,98428660.0,0.89,169021660.0,0.23,313343144.0,-0.28,0.0,-0.47,0.0,-0.66,0.0
2023-08-02 00:00:00+00:00,-1.39,79576595.0,-1.67,128285721.0,-1.48,178005255.0,-1.18,330457927.0,-0.21,0.0,0.22,1.0,0.29,1.0
2023-08-03 00:00:00+00:00,-0.29,57347733.0,-1.67,136924328.0,-1.96,185633454.0,-0.8,305945988.0,-0.02,0.0,0.22,1.0,0.43,1.0
2023-08-04 00:00:00+00:00,-0.45,88365645.0,-0.74,145713378.0,-2.12,225289973.0,-2.21,323718633.0,0.21,1.0,-0.0,0.0,0.19,1.0
2023-08-07 00:00:00+00:00,0.88,49474065.0,0.42,137839710.0,0.13,195187443.0,-1.54,323473164.0,-0.4,0.0,-0.4,0.0,-0.34,0.0
2023-08-08 00:00:00+00:00,-0.44,64752529.0,0.43,114226594.0,-0.02,202592239.0,-1.69,339516567.0,-0.12,0.0,-0.67,0.0,-0.68,0.0
2023-08-09 00:00:00+00:00,-0.67,67048924.0,-1.1,131801453.0,-0.23,181275518.0,-0.97,326988896.0,0.62,1.0,0.14,1.0,-0.29,0.0
2023-08-10 00:00:00+00:00,0.04,85615364.0,-0.63,152664288.0,-1.06,217416817.0,-0.65,355256527.0,0.47,1.0,0.14,1.0,0.25,1.0
2023-08-11 00:00:00+00:00,-0.08,60495323.0,-0.04,146110687.0,-0.71,213159611.0,-0.28,327386205.0,0.25,1.0,0.54,1.0,0.43,1.0
2023-08-14 00:00:00+00:00,0.57,42967725.0,0.49,103463048.0,0.52,189078412.0,-0.58,320879865.0,-0.5,0.0,-0.32,0.0,-0.36,0.0
2023-08-15 00:00:00+00:00,-1.15,65696930.0,-0.59,108664655.0,-0.67,169159978.0,-1.29,321824266.0,0.21,1.0,0.24,1.0,-0.14,0.0
2023-08-16 00:00:00+00:00,-0.75,68642969.0,-1.89,134339899.0,-1.34,177307624.0,-1.38,323418311.0,-0.23,0.0,-0.42,0.0,-0.18,0.0
2023-08-17 00:00:00+00:00,-0.76,82091971.0,-1.51,150734940.0,-2.64,216431870.0,-2.16,319894918.0,0.11,1.0,0.44,1.0,0.54,1.0
2023-08-18 00:00:00+00:00,0.04,88726648.0,-0.72,170818619.0,-1.46,239461588.0,-2.05,348126243.0,-0.21,0.0,-0.36,0.0,-0.15,0.0
2023-08-21 00:00:00+00:00,0.66,62247876.0,0.7,150974524.0,-0.07,233066495.0,-1.95,367406394.0,-0.36,0.0,-0.41,0.0,-0.6,0.0
2023-08-22 00:00:00+00:00,-0.28,57466668.0,0.38,119714544.0,0.42,208441192.0,-1.09,359176132.0,0.38,1.0,0.66,1.0,0.64,1.0
2023-08-23 00:00:00+00:00,1.11,57572970.0,0.83,115039638.0,1.49,177287514.0,0.76,348106133.0,-0.57,0.0,-0.9,0.0,-1.05,0.0
2023-08-24 00:00:00+00:00,-1.37,79359120.0,-0.27,136932090.0,-0.55,194398758.0,0.15,345373282.0,-0.25,0.0,-0.15,0.0,0.03,1.0
2023-08-25 00:00:00+00:00,0.69,89674045.0,-0.68,169033165.0,0.42,226606135.0,0.8,346320679.0,0.21,1.0,-0.18,0.0,-0.23,0.0
2023-08-28 00:00:00+00:00,0.63,55097535.0,1.33,144771580.0,-0.06,224130700.0,0.77,339170338.0,0.72,1.0,0.93,1.0,1.26,1.0
2023-08-29 00:00:00+00:00,1.45,74037204.0,2.09,129134739.0,2.8,218808784.0,2.52,355740874.0,-0.05,0.0,0.22,1.0,0.41,1.0
2023-08-30 00:00:00+00:00,0.41,59545401.0,1.87,133582605.0,2.51,188680140.0,1.81,357713305.0,0.22,1.0,0.1,1.0,-0.07,0.0
2023-08-31 00:00:00+00:00,-0.16,56369061.0,0.25,115914462.0,1.71,189951666.0,3.06,334723246.0,-0.1,0.0,-0.52,0.0,-0.57,0.0
2023-09-01 00:00:00+00:00,0.21,51103684.0,0.05,107472745.0,0.46,167018146.0,2.56,296152885.0,-0.19,0.0,-0.1,0.0,-0.07,0.0
2023-09-05 00:00:00+00:00,-0.44,51280501.0,-0.23,102384185.0,-0.39,158753246.0,1.47,292335851.0,-0.44,0.0,-0.5,0.0,-0.7,0.0
2023-09-06 00:00:00+00:00,-0.68,62660067.0,-1.11,113940568.0,-0.91,165044252.0,-0.66,280958714.0,0.03,1.0,0.26,1.0,0.44,1.0
2023-09-07 00:00:00+00:00,-0.31,61041104.0,-0.98,123701171.0,-1.42,174981672.0,-1.37,282454417.0,0.44,1.0,0.38,1.0,0.3,1.0
2023-09-08 00:00:00+00:00,0.15,52324997.0,-0.15,113366101.0,-0.83,176026168.0,-1.06,278410353.0,-0.14,0.0,-0.27,0.0,-0.17,0.0
2023-09-11 00:00:00+00:00,0.67,51046994.0,0.82,103371991.0,0.51,164413095.0,-0.61,278353663.0,-0.07,0.0,-0.05,0.0,0.07,1.0
2023-09-12 00:00:00+00:00,-0.56,59430708.0,0.11,110477702.0,0.26,162802699.0,-0.73,286503870.0,-0.02,0.0,0.28,1.0,0.26,1.0
2023-09-13 00:00:00+00:00,0.12,55297891.0,-0.44,114728599.0,0.22,165775593.0,0.07,279141694.0,-0.04,0.0,0.18,1.0,0.31,1.0
2023-09-14 00:00:00+00:00,0.87,72864291.0,0.99,128162182.0,0.43,187592890.0,1.25,290964881.0,-0.29,0.0,-0.51,0.0,-0.52,0.0
2023-09-15 00:00:00+00:00,-1.58,97541272.0,-0.72,170405563.0,-0.6,225703454.0,-0.5,336181156.0,0.07,1.0,0.23,1.0,0.36,1.0
2023-09-18 00:00:00+00:00,0.08,50855413.0,-1.5,148396685.0,-0.64,221260976.0,-1.08,335989575.0,-0.24,0.0,-0.4,0.0,-0.48,0.0
2023-09-19 00:00:00+00:00,-0.2,56016813.0,-0.12,106872226.0,-1.7,204413498.0,-0.72,332575680.0,-0.05,0.0,-0.16,0.0,-0.04,0.0
2023-09-20 00:00:00+00:00,-0.94,67036682.0,-1.14,123053495.0,-1.06,173908908.0,-1.77,344314471.0,-0.29,0.0,-0.5,0.0,-0.51,0.0
2023-09-21 00:00:00+00:00,-1.64,93034352.0,-2.56,160071034.0,-2.76,216087847.0,-4.22,364484532.0,0.07,1.0,0.33,1.0,0.18,1.0
2023-09-22 00:00:00+00:00,-0.24,83353389.0,-1.87,176387741.0,-2.79,243424423.0,-2.91,350296649.0,0.08,1.0,0.42,1.0,0.63,1.0
2023-09-25 00:00:00+00:00,0.43,61227270.0,0.19,144580659.0,-1.45,237615011.0,-2.57,360668506.0,-0.27,0.0,-0.54,0.0,-0.34,0.0
2023-09-26 00:00:00+00:00,-1.48,82364246.0,-1.05,143591516.0,-1.29,226944905.0,-3.82,387015939.0,-0.06,0.0,-0.26,0.0,-0.68,0.0
2023-09-27 00:00:00+00:00,0.04,94455657.0,-1.43,176819903.0,-1.01,238047173.0,-2.86,414434914.0,0.28,1.0,0.73,1.0,1.15,1.0
2023-09-28 00:00:00+00:00,0.59,85217648.0,0.63,179673305.0,-0.85,262037551.0,-0.67,406618210.0,-0.2,0.0,-0.28,0.0,-0.42,0.0
2023-09-29 00:00:00+00:00,-0.26,101840197.0,0.32,187057845.0,0.37,281513502.0,-0.69,425105018.0,0.04,1.0,0.4,1.0,-0.25,0.0
2023-10-02 00:00:00+00:00,-0.01,79537985.0,-0.28,181378182.0,0.31,266595830.0,-1.13,443415733.0,-0.6,0.0,-0.82,0.0,-0.62,0.0
2023-10-03 00:00:00+00:00,-1.33,94981045.0,-1.34,174519030.0,-1.6,276359227.0,-0.98,456032532.0,-0.34,0.0,0.17,1.0,0.45,1.0
2023-10-04 00:00:00+00:00,0.72,79726306.0,-0.62,174707351.0,-0.63,254245336.0,-0.31,441303181.0,-0.22,0.0,-0.56,0.0,-0.28,0.0
2023-10-05 00:00:00+00:00,-0.06,63468897.0,0.66,143195203.0,-0.68,238176248.0,-0.95,419554430.0,0.24,1.0,0.91,1.0,1.49,1.0
2023-10-06 00:00:00+00:00,1.19,101700001.0,1.14,165168898.0,1.86,244895204.0,0.5,419414234.0,0.18,1.0,0.25,1.0,0.37,1.0
2023-10-09 00:00:00+00:00,0.64,69793511.0,1.84,171493512.0,1.78,234962409.0,1.15,409669760.0,0.49,1.0,0.79,1.0,0.95,1.0
2023-10-10 00:00:00+00:00,0.51,73116558.0,1.15,142910069.0,2.36,244610070.0,3.04,387805273.0,-0.14,0.0,-0.28,0.0,-0.4,0.0
2023-10-11 00:00:00+00:00,0.42,57359869.0,0.93,130476427.0,1.58,200269938.0,2.73,365438836.0,-0.24,0.0,-0.18,0.0,0.06,1.0
2023-10-12 00:00:00+00:00,-0.6,75300459.0,-0.18,132660328.0,0.33,205776886.0,2.18,377270398.0,-0.17,0.0,-0.71,0.0,-0.53,0.0
2023-10-13 00:00:00+00:00,-0.5,84354724.0,-1.09,159655183.0,-0.67,217015052.0,0.47,359925121.0,0.49,1.0,0.63,1.0,0.52,1.0
2023-10-16 00:00:00+00:00,1.04,67433186.0,0.53,151787910.0,-0.06,227088369.0,0.87,357564796.0,0.43,1.0,0.72,1.0,1.22,1.0
2023-10-17 00:00:00+00:00,0.01,71102588.0,1.05,138535774.0,0.55,222890498.0,0.37,355550826.0,-0.15,0.0,-0.3,0.0,-0.5,0.0
2023-10-18 00:00:00+00:00,-1.34,86615658.0,-1.33,157718246.0,-0.31,225151432.0,-1.4,384806615.0,-0.45,0.0,-0.34,0.0,-0.19,0.0
2023-10-19 00:00:00+00:00,-0.88,112415590.0,-2.21,199031248.0,-2.2,270133836.0,-1.68,421921746.0,-0.61,0.0,-0.87,0.0,-0.7,0.0
2023-10-20 00:00:00+00:00,-1.23,110607238.0,-2.1,223022828.0,-3.41,309638486.0,-2.4,448174260.0,0.23,1.0,0.6,1.0,0.7,1.0
2023-10-23 00:00:00+00:00,-0.18,84123626.0,-1.4,194730864.0,-2.27,307146454.0,-3.57,464864700.0,0.42,1.0,0.07,1.0,-0.26,0.0
2023-10-24 00:00:00+00:00,0.75,69119985.0,0.57,153243611.0,-0.66,263850849.0,-2.86,462882097.0,-0.61,0.0,-0.23,0.0,-0.64,0.0
2023-10-25 00:00:00+00:00,-1.42,86063142.0,-0.68,155183127.0,-0.85,239306753.0,-2.93,462329581.0,-0.25,0.0,-0.5,0.0,-0.83,0.0
2023-10-26 00:00:00+00:00,-1.2,103636580.0,-2.6,189699722.0,-1.87,258819707.0,-3.25,453550571.0,-0.29,0.0,-0.06,0.0,-0.4,0.0
2023-10-27 00:00:00+00:00,-0.45,97562274.0,-1.65,201198854.0,-3.04,287261996.0,-2.48,440505607.0,-0.14,0.0,-0.15,0.0,-0.05,0.0
2023-10-30 00:00:00+00:00,1.18,80832244.0,0.73,178394518.0,-0.49,282031098.0,-1.16,437214225.0,-0.1,0.0,-0.11,0.0,-0.06,0.0
2023-10-31 00:00:00+00:00,0.64,69504976.0,1.82,150337220.0,1.37,247899494.0,-1.27,437599216.0,0.47,1.0,0.28,1.0,0.2,1.0
2023-11-01 00:00:00+00:00,1.07,92699990.0,1.71,162204966.0,2.91,243037210.0,1.22,444236064.0,0.38,1.0,0.49,1.0,0.5,1.0
2023-11-02 00:00:00+00:00,1.9,84468529.0,2.99,177168519.0,3.65,246673495.0,4.4,425068013.0,0.17,1.0,0.19,1.0,0.56,1.0
2023-11-03 00:00:00+00:00,0.91,90016643.0,2.84,174485172.0,3.94,267185162.0,5.83,417522382.0,-0.04,0.0,-0.0,0.0,-0.1,0.0
2023-11-06 00:00:00+00:00,0.22,61724717.0,1.14,151741360.0,3.06,236209889.0,4.83,398414855.0,0.17,1.0,0.31,1.0,0.14,1.0
2023-11-07 00:00:00+00:00,0.28,60363611.0,0.5,122088328.0,1.42,212104971.0,4.46,389273490.0,-0.13,0.0,-0.24,0.0,-0.47,0.0
2023-11-08 00:00:00+00:00,0.07,55277153.0,0.36,115640764.0,0.58,177365481.0,3.43,351850653.0,-0.44,0.0,-0.23,0.0,-0.28,0.0
2023-11-09 00:00:00+00:00,-0.76,74705638.0,-0.69,129982791.0,-0.41,190346402.0,0.72,342087762.0,-0.19,0.0,0.24,1.0,0.4,1.0
2023-11-10 00:00:00+00:00,1.56,79429701.0,0.78,154135339.0,0.85,209412492.0,1.36,331500820.0,-0.01,0.0,0.29,1.0,0.34,1.0
2023-11-13 00:00:00+00:00,-0.09,47625225.0,1.46,127054926.0,0.69,201760564.0,1.04,317401328.0,0.53,1.0,0.66,1.0,0.36,1.0
2023-11-14 00:00:00+00:00,1.94,89581240.0,1.84,137206465.0,3.43,216636166.0,2.71,346618957.0,0.13,1.0,0.15,1.0,0.01,1.0
2023-11-15 00:00:00+00:00,0.2,70492291.0,2.14,160073531.0,2.05,207698756.0,2.85,361834095.0,0.16,1.0,-0.2,0.0,0.01,1.0
2023-11-16 00:00:00+00:00,0.13,62013932.0,0.33,132506223.0,2.27,222087463.0,3.77,349142389.0,0.0,1.0,-0.1,0.0,-0.03,0.0
2023-11-17 00:00:00+00:00,0.13,70254591.0,0.25,132268523.0,0.46,202760814.0,2.31,339967279.0,0.32,1.0,0.47,1.0,0.52,1.0
2023-11-20 00:00:00+00:00,0.77,62344541.0,0.9,132599132.0,1.03,194613064.0,3.19,354686595.0,-0.23,0.0,-0.15,0.0,-0.01,0.0
2023-11-21 00:00:00+00:00,-0.22,45345391.0,0.55,107689932.0,0.68,177944523.0,1.01,310450746.0,-0.08,0.0,-0.07,0.0,0.01,1.0
2023-11-22 00:00:00+00:00,0.39,54412587.0,0.17,99757978.0,0.94,162102519.0,1.2,294371042.0,-0.02,0.0,-0.01,0.0,-0.05,0.0
2023-11-24 00:00:00+00:00,-0.04,20499393.0,0.35,74911980.0,0.13,120257371.0,1.03,252856503.0,-0.01,0.0,0.05,1.0,0.07,1.0
2023-11-27 00:00:00+00:00,-0.08,46139025.0,-0.12,66638418.0,0.27,121051005.0,0.83,228740937.0,-0.01,0.0,0.33,1.0,0.29,1.0
2023-11-28 00:00:00+00:00,0.09,56770192.0,0.01,102909217.0,-0.03,123408610.0,0.14,223166588.0,-0.15,0.0,-0.44,0.0,-0.21,0.0
2023-11-29 00:00:00+00:00,-0.06,58339383.0,0.03,115109575.0,-0.05,161248600.0,0.3,236160580.0,-0.15,0.0,-0.24,0.0,-0.42,0.0
2023-11-30 00:00:00+00:00,0.37,67596782.0,0.31,125936165.0,0.4,182706357.0,0.28,249344775.0,-0.02,0.0,0.37,1.0,0.69,1.0
2023-12-01 00:00:00+00:00,0.6,74185544.0,0.97,141782326.0,0.91,200121709.0,0.92,303030926.0,-0.21,0.0,-0.15,0.0,0.11,1.0
2023-12-04 00:00:00+00:00,-0.51,66611901.0,0.08,140797445.0,0.45,208394227.0,0.48,323503802.0,0.25,1.0,0.22,1.0,0.22,1.0
2023-12-05 00:00:00+00:00,-0.02,62651375.0,-0.53,129263276.0,0.06,203448820.0,0.37,329384985.0,-0.37,0.0,-0.43,0.0,-0.55,0.0
2023-12-06 00:00:00+00:00,-0.41,59593078.0,-0.43,122244453.0,-0.94,188856354.0,0.02,330638680.0,0.23,1.0,0.04,1.0,0.29,1.0
2023-12-07 00:00:00+00:00,0.77,59693067.0,0.35,119286145.0,0.33,181937520.0,0.42,322734965.0,0.52,1.0,0.27,1.0,0.29,1.0
2023-12-08 00:00:00+00:00,0.43,68173618.0,1.2,127866685.0,0.78,187459763.0,0.25,316723039.0,0.11,1.0,0.17,1.0,0.22,1.0
2023-12-11 00:00:00+00:00,0.39,57042409.0,0.82,125216027.0,1.6,184909094.0,1.16,307153547.0,0.09,1.0,0.19,1.0,0.26,1.0
2023-12-12 00:00:00+00:00,0.47,98097843.0,0.87,155140252.0,1.3,223313870.0,1.66,342600015.0,0.07,1.0,0.09,1.0,0.01,1.0
2023-12-13 00:00:00+00:00,1.36,81829900.0,1.83,179927743.0,2.23,236970152.0,3.46,364836837.0,-0.15,0.0,-0.22,0.0,0.06,1.0
2023-12-14 00:00:00+00:00,0.33,95395059.0,1.69,177224959.0,2.17,275322802.0,3.01,400538829.0,0.17,1.0,0.23,1.0,0.22,1.0
2023-12-15 00:00:00+00:00,-0.56,115025727.0,-0.23,210420786.0,1.12,292250686.0,2.0,447390938.0,0.17,1.0,0.21,1.0,0.32,1.0
2023-12-18 00:00:00+00:00,0.56,53948102.0,0.0,168973829.0,0.33,264368888.0,2.17,444296631.0,0.28,1.0,0.36,1.0,0.28,1.0
2023-12-19 00:00:00+00:00,0.6,47311217.0,1.16,101259319.0,0.6,216285046.0,2.3,393510005.0,0.25,1.0,0.29,1.0,0.32,1.0
2023-12-20 00:00:00+00:00,-1.44,84371423.0,-0.85,131682640.0,-0.3,185630742.0,-0.52,396051528.0,-0.03,0.0,0.04,1.0,-0.38,0.0
2023-12-21 00:00:00+00:00,1.01,72306738.0,-0.45,156678161.0,0.14,203989378.0,0.15,372963207.0,0.24,1.0,0.08,1.0,0.02,1.0
2023-12-22 00:00:00+00:00,0.2,58365676.0,1.21,130672414.0,-0.25,215043837.0,0.91,316303156.0,0.17,1.0,0.14,1.0,0.21,1.0
2023-12-26 00:00:00+00:00,0.42,45597090.0,0.61,103962766.0,1.63,176269504.0,0.76,307952144.0,0.06,1.0,0.01,1.0,0.08,1.0
2023-12-27 00:00:00+00:00,0.19,55961611.0,0.61,101558701.0,0.81,159924377.0,0.36,316602538.0,0.08,1.0,-0.0,0.0,0.01,1.0
2023-12-28 00:00:00+00:00,0.03,58650296.0,0.23,114611907.0,0.64,160208997.0,1.86,290881411.0,0.05,1.0,-0.53,0.0,-0.61,0.0
2023-12-29 00:00:00+00:00,-0.28,94778221.0,-0.24,153428517.0,-0.05,209390128.0,0.56,313352894.0,-0.17,0.0,-0.04,0.0,0.09,1.0
2024-01-02 00:00:00+00:00,-0.58,93856960.0,-0.85,188635181.0,-0.82,247285477.0,-0.22,348844178.0,-0.21,0.0,-0.17,0.0,-0.2,0.0
2024-01-03 00:00:00+00:00,-0.82,89797164.0,-1.39,183654124.0,-1.67,278432345.0,-1.44,393044252.0,0.31,1.0,0.5,1.0,0.28,1.0
2024-01-04 00:00:00+00:00,-0.31,68320047.0,-1.13,158117211.0,-1.7,251974171.0,-1.94,405402688.0,0.43,1.0,0.35,1.0,-0.02,0.0
2024-01-05 00:00:00+00:00,0.15,76284754.0,-0.16,144604801.0,-0.98,234401965.0,-1.83,423037146.0,0.32,1.0,0.42,1.0,0.49,1.0
2024-01-08 00:00:00+00:00,1.41,67190169.0,1.56,143474923.0,1.24,211794970.0,-0.17,395449094.0,0.13,1.0,0.3,1.0,0.5,1.0
2024-01-09 00:00:00+00:00,-0.15,59571759.0,1.26,126761928.0,1.41,203046682.0,0.26,361163893.0,0.11,1.0,0.13,1.0,0.2,1.0
2024-01-10 00:00:00+00:00,0.56,56541611.0,0.41,116113370.0,1.83,183303539.0,1.66,327908340.0,-0.54,0.0,-0.95,0.0,-0.97,0.0
2024-01-11 00:00:00+00:00,-0.04,71606489.0,0.52,128148100.0,0.37,187719859.0,1.94,331194782.0,-0.27,0.0,-0.26,0.0,-0.4,0.0
2024-01-12 00:00:00+00:00,0.07,52772213.0,0.03,124378702.0,0.59,180920313.0,1.86,307682241.0,0.09,1.0,0.08,1.0,-0.23,0.0
2024-01-16 00:00:00+00:00,-0.36,74954036.0,-0.29,127726249.0,-0.33,199332738.0,0.08,315446108.0,0.02,1.0,0.16,1.0,-0.04,0.0
2024-01-17 00:00:00+00:00,-0.56,61577833.0,-0.92,136531869.0,-0.85,189304082.0,-0.33,317452182.0,0.03,1.0,0.14,1.0,-0.09,0.0
2024-01-18 00:00:00+00:00,0.89,79255667.0,0.32,140833500.0,-0.04,215787536.0,-0.01,340166238.0,0.06,1.0,0.25,1.0,0.36,1.0
2024-01-19 00:00:00+00:00,1.25,94231236.0,2.14,173486903.0,1.57,235064736.0,1.28,362790985.0,0.06,1.0,-0.0,0.0,-0.03,0.0
2024-01-22 00:00:00+00:00,0.23,67891973.0,1.48,162123209.0,2.38,241378876.0,1.44,377910745.0,-0.04,0.0,-0.2,0.0,-0.16,0.0
2024-01-23 00:00:00+00:00,0.28,43694143.0,0.51,111586116.0,1.77,205817352.0,2.09,346650852.0,0.01,1.0,0.11,1.0,0.18,1.0
2024-01-24 00:00:00+00:00,0.1,72024174.0,0.38,115718317.0,0.61,183610290.0,2.77,357097193.0,0.22,1.0,0.16,1.0,-0.08,0.0
2024-01-25 00:00:00+00:00,0.54,63649107.0,0.64,135673281.0,0.93,179367424.0,2.42,341490633.0,0.11,1.0,0.22,1.0,0.16,1.0
2024-01-26 00:00:00+00:00,-0.11,59758839.0,0.43,123407946.0,0.53,195432120.0,1.05,307018236.0,-0.01,0.0,0.0,1.0,0.1,1.0
2024-01-29 00:00:00+00:00,0.78,50268359.0,0.67,110027198.0,1.22,173676305.0,1.6,289394622.0,0.04,1.0,0.1,1.0,0.0,0.0
2024-01-30 00:00:00+00:00,-0.08,49066366.0,0.7,99334725.0,0.59,159093564.0,1.23,294766845.0,-0.27,0.0,-0.33,0.0,-0.26,0.0
2024-01-31 00:00:00+00:00,-1.62,104132384.0,-1.7,153198750.0,-0.93,203467109.0,-0.5,326875055.0,0.19,1.0,-0.14,0.0,0.25,1.0
2024-02-01 00:00:00+00:00,1.31,80028814.0,-0.33,184161198.0,-0.41,233227564.0,0.25,343254762.0,0.25,1.0,0.67,1.0,0.96,1.0
2024-02-02 00:00:00+00:00,1.03,86204491.0,2.35,166233305.0,0.69,270365689.0,1.4,369700414.0,-0.38,0.0,-0.39,0.0,-0.1,0.0
2024-02-05 00:00:00+00:00,-0.34,67056928.0,0.68,153261419.0,2.0,233290233.0,0.27,386488983.0,-0.21,0.0,-0.05,0.0,-0.13,0.0
2024-02-06 00:00:00+00:00,0.28,51052891.0,-0.06,118109819.0,0.97,204314310.0,0.63,388475508.0,0.33,1.0,0.17,1.0,0.21,1.0
2024-02-07 00:00:00+00:00,0.83,62536183.0,1.11,113589074.0,0.76,180646002.0,3.13,346879307.0,-0.05,0.0,-0.15,0.0,-0.01,0.0
2024-02-08 00:00:00+00:00,0.07,45147942.0,0.9,107684125.0,1.18,158737016.0,1.87,311998435.0,0.16,1.0,0.18,1.0,0.26,1.0
2024-02-09 00:00:00+00:00,0.56,54199207.0,0.63,99347149.0,1.46,161883332.0,1.4,279993151.0,0.03,1.0,0.34,1.0,0.35,1.0
2024-02-12 00:00:00+00:00,-0.05,45880111.0,0.51,100079318.0,0.58,145227260.0,1.7,258816334.0,0.13,1.0,0.27,1.0,0.05,1.0
2024-02-13 00:00:00+00:00,-1.36,99227587.0,-1.4,145107698.0,-0.85,199306905.0,0.03,306991030.0,0.19,1.0,-0.11,0.0,-0.16,0.0
2024-02-14 00:00:00+00:00,0.91,63313403.0,-0.46,162540990.0,-0.51,208421101.0,0.12,307768250.0,0.08,1.0,0.04,1.0,0.23,1.0
2024-02-15 00:00:00+00:00,0.67,54701934.0,1.58,118015337.0,0.2,217242924.0,0.71,317322242.0,-0.26,0.0,0.07,1.0,0.14,1.0
2024-02-16 00:00:00+00:00,-0.49,65788410.0,0.17,120490344.0,1.08,183803747.0,-0.34,328911445.0,-0.33,0.0,-0.19,0.0,-0.56,0.0
2024-02-20 00:00:00+00:00,-0.55,64165048.0,-1.04,129953458.0,-0.38,184655392.0,-0.84,347196382.0,-0.04,0.0,0.04,1.0,-0.1,0.0
2024-02-21 00:00:00+00:00,0.09,50389894.0,-0.46,114554942.0,-0.95,180343352.0,0.62,298358689.0,0.38,1.0,0.39,1.0,0.5,1.0
2024-02-22 00:00:00+00:00,2.08,70557897.0,2.17,120947791.0,1.61,185112839.0,1.79,305603183.0,-0.01,0.0,-0.21,0.0,-0.2,0.0
2024-02-23 00:00:00+00:00,0.06,52749232.0,2.14,123307129.0,2.23,173697023.0,1.17,303650481.0,-0.08,0.0,-0.19,0.0,-0.11,0.0
2024-02-26 00:00:00+00:00,-0.36,44318392.0,-0.3,97067624.0,1.77,167625521.0,1.3,282180463.0,-0.06,0.0,-0.17,0.0,-0.2,0.0
2024-02-27 00:00:00+00:00,0.18,41651007.0,-0.18,85969399.0,-0.12,138718631.0,2.05,259666422.0,0.07,1.0,0.23,1.0,0.14,1.0
2024-02-28 00:00:00+00:00,-0.14,49212040.0,0.04,90863047.0,-0.32,135181439.0,1.81,258488568.0,-0.07,0.0,-0.17,0.0,-0.29,0.0
2024-02-29 00:00:00+00:00,0.36,66926675.0,0.22,116138715.0,0.4,157789722.0,0.09,254857346.0,0.27,1.0,0.36,1.0,0.5,1.0
2024-03-01 00:00:00+00:00,0.95,60250351.0,1.32,127177026.0,1.17,176389066.0,0.99,262358465.0,0.09,1.0,0.08,1.0,0.21,1.0
2024-03-04 00:00:00+00:00,-0.12,43812975.0,0.84,104063326.0,1.2,170990001.0,1.24,261853048.0,-0.36,0.0,-0.4,0.0,-0.35,0.0
2024-03-05 00:00:00+00:00,-1.0,67256494.0,-1.11,111069469.0,-0.17,171319820.0,0.05,287458535.0,-0.23,0.0,0.15,1.0,0.24,1.0
2024-03-06 00:00:00+00:00,0.53,61244014.0,-0.48,128500508.0,-0.59,172313483.0,0.72,299490509.0,0.2,1.0,0.25,1.0,0.26,1.0
2024-03-07 00:00:00+00:00,0.99,52745235.0,1.52,113989249.0,0.51,181245743.0,1.35,285309069.0,0.49,1.0,-0.13,0.0,-0.16,0.0
2024-03-08 00:00:00+00:00,-0.6,75891317.0,0.38,128636552.0,0.91,189880566.0,-0.21,300950035.0,-0.29,0.0,-0.19,0.0,0.01,1.0
2024-03-11 00:00:00+00:00,-0.1,51975738.0,-0.7,127867055.0,0.28,180612290.0,-0.2,309112798.0,0.31,1.0,0.53,1.0,0.32,1.0
2024-03-12 00:00:00+00:00,1.09,64990395.0,0.99,116966133.0,0.38,192857450.0,1.91,306846699.0,-0.13,0.0,-0.2,0.0,-0.16,0.0
2024-03-13 00:00:00+00:00,-0.16,48097179.0,0.93,113087574.0,0.83,165063312.0,1.21,293699864.0,-0.37,0.0,-0.5,0.0,-0.44,0.0
2024-03-14 00:00:00+00:00,-0.2,91500071.0,-0.36,139597250.0,0.72,204587645.0,0.02,332454700.0,0.04,1.0,0.1,1.0,-0.2,0.0
2024-03-15 00:00:00+00:00,-1.01,91858514.0,-1.21,183358585.0,-1.37,231455764.0,-0.39,348421897.0,0.23,1.0,0.13,1.0,0.03,1.0
2024-03-18 00:00:00+00:00,0.61,65397585.0,-0.4,157256099.0,-0.6,248756170.0,0.32,361843744.0,-0.13,0.0,0.1,1.0,0.36,1.0
2024-03-19 00:00:00+00:00,0.56,53178218.0,1.18,118575803.0,0.16,210434317.0,-0.2,350031567.0,0.11,1.0,0.09,1.0,-0.0,0.0
2024-03-20 00:00:00+00:00,0.9,60822037.0,1.47,114000255.0,2.09,179397840.0,0.86,362756425.0,0.07,1.0,0.0,1.0,0.12,1.0
2024-03-21 00:00:00+00:00,0.32,52686339.0,1.23,113508376.0,1.8,166686594.0,1.39,323942693.0,-0.06,0.0,-0.08,0.0,-0.13,0.0
2024-03-22 00:00:00+00:00,-0.16,51415395.0,0.16,104101734.0,1.07,164923771.0,2.26,283499574.0,0.12,1.0,0.16,1.0,0.13,1.0
2024-03-25 00:00:00+00:00,-0.28,39630335.0,-0.44,91045730.0,-0.12,143732069.0,1.35,257732324.0,-0.03,0.0,0.01,1.0,-0.02,0.0
2024-03-26 00:00:00+00:00,-0.22,50968706.0,-0.5,90599041.0,-0.66,142014436.0,0.56,255522812.0,-0.34,0.0,-0.39,0.0,-0.31,0.0
2024-03-27 00:00:00+00:00,0.87,66730865.0,0.65,117699571.0,0.36,157329906.0,0.53,261431640.0,-0.01,0.0,0.07,1.0,0.05,1.0
2024-03-28 00:00:00+00:00,-0.01,69492592.0,0.86,136223457.0,0.64,187192163.0,0.2,278237893.0,-0.16,0.0,-0.33,0.0,-0.35,0.0
2024-04-01 00:00:00+00:00,-0.17,52625525.0,-0.18,122118117.0,0.68,188848982.0,0.18,279448023.0,-0.21,0.0,-0.12,0.0,-0.16,0.0
2024-04-02 00:00:00+00:00,-0.65,65010594.0,-0.82,117636119.0,-0.83,187128711.0,-0.18,304828282.0,0.52,1.0,0.6,1.0,0.56,1.0
2024-04-03 00:00:00+00:00,0.1,53219054.0,-0.55,118229648.0,-0.72,170855173.0,0.13,307078630.0,-0.11,0.0,-0.15,0.0,-0.0,0.0
2024-04-04 00:00:00+00:00,-1.21,89196607.0,-1.12,142415661.0,-1.76,207426255.0,-1.93,329544372.0,0.19,1.0,0.66,1.0,1.0,1.0
2024-04-05 00:00:00+00:00,1.04,67399672.0,-0.18,156596279.0,-0.09,209815333.0,-0.9,327451452.0,0.07,1.0,0.07,1.0,-0.11,0.0
2024-04-08 00:00:00+00:00,0.05,42898290.0,1.1,110297962.0,-0.13,199494569.0,-0.68,317724217.0,-0.56,0.0,-0.87,0.0,-0.62,0.0
2024-04-09 00:00:00+00:00,0.12,59584759.0,0.17,102483049.0,1.22,169882721.0,0.09,312298382.0,0.23,1.0,0.2,1.0,-0.02,0.0
2024-04-10 00:00:00+00:00,-0.99,77681707.0,-0.87,137266466.0,-0.82,180164756.0,-1.0,336761035.0,-0.57,0.0,-0.37,0.0,-0.13,0.0
2024-04-11 00:00:00+00:00,0.76,61710272.0,-0.24,139391979.0,-0.12,198976738.0,0.97,309274700.0,-0.11,0.0,-0.16,0.0,-0.5,0.0
2024-04-12 00:00:00+00:00,-1.4,85063338.0,-0.65,146773610.0,-1.63,224455317.0,-1.46,326938366.0,-0.5,0.0,-0.69,0.0,-0.88,0.0
2024-04-15 00:00:00+00:00,-1.24,82225927.0,-2.62,167289265.0,-1.88,228999537.0,-2.73,366266003.0,-0.35,0.0,-0.15,0.0,-0.09,0.0
2024-04-16 00:00:00+00:00,-0.2,66877480.0,-1.43,149103407.0,-2.81,234166745.0,-3.04,373558724.0,-0.33,0.0,-0.78,0.0,-1.1,0.0
2024-04-17 00:00:00+00:00,-0.59,69333005.0,-0.79,136210485.0,-2.02,218436412.0,-2.65,365210022.0,0.01,1.0,0.25,1.0,0.13,1.0
2024-04-18 00:00:00+00:00,-0.2,66030512.0,-0.79,135363517.0,-0.99,202240997.0,-3.58,369530262.0,-0.2,0.0,-0.31,0.0,-0.85,0.0
2024-04-19 00:00:00+00:00,-0.88,87367846.0,-1.08,153398358.0,-1.67,222731363.0,-3.08,371834770.0,-0.28,0.0,-0.28,0.0,-0.01,0.0
2024-04-22 00:00:00+00:00,0.91,60211575.0,0.03,147579421.0,-0.18,213609933.0,-0.97,349820418.0,0.51,1.0,0.61,1.0,0.7,1.0
2024-04-23 00:00:00+00:00,1.2,54637739.0,2.13,114849314.0,1.23,202217160.0,0.43,337580677.0,-0.07,0.0,-0.38,0.0,-0.49,0.0
2024-04-24 00:00:00+00:00,-0.03,48576280.0,1.17,103214019.0,2.09,163425594.0,0.99,316823952.0,0.08,1.0,0.11,1.0,0.44,1.0
2024-04-25 00:00:00+00:00,-0.4,59441660.0,-0.44,108017940.0,0.76,162655679.0,0.79,310235100.0,0.34,1.0,0.37,1.0,0.5,1.0
2024-04-26 00:00:00+00:00,0.95,51775265.0,0.55,111216925.0,0.51,159793205.0,2.65,274642519.0,0.04,1.0,-0.08,0.0,0.03,1.0
2024-04-29 00:00:00+00:00,0.36,39202763.0,1.31,90978028.0,0.91,150419688.0,2.09,253633707.0,-0.05,0.0,-0.33,0.0,-0.37,0.0
2024-04-30 00:00:00+00:00,-1.57,65330548.0,-1.22,104533311.0,-0.28,156308576.0,-0.71,264326516.0,-0.12,0.0,-0.11,0.0,-0.07,0.0
2024-05-01 00:00:00+00:00,-0.35,73002745.0,-1.92,138333293.0,-1.57,177536056.0,-1.03,288752981.0,-0.42,0.0,-0.4,0.0,-0.36,0.0
2024-05-02 00:00:00+00:00,0.95,55801539.0,0.59,128804284.0,-0.99,194134832.0,0.31,285112860.0,-0.31,0.0,-0.3,0.0,-0.07,0.0
2024-05-03 00:00:00+00:00,1.24,63480101.0,2.2,119281640.0,1.84,192284385.0,0.6,296817696.0,0.11,1.0,0.07,1.0,0.08,1.0
2024-05-06 00:00:00+00:00,1.04,42366553.0,2.29,105846654.0,3.26,161648193.0,1.28,299981486.0,-0.05,0.0,0.08,1.0,0.12,1.0
2024-05-07 00:00:00+00:00,0.12,44519591.0,1.16,86886144.0,2.41,150366245.0,3.02,279170529.0,0.32,1.0,0.34,1.0,0.3,1.0
2024-05-08 00:00:00+00:00,-0.0,36305557.0,0.12,80825148.0,1.15,123191701.0,3.38,242473341.0,0.13,1.0,0.38,1.0,0.27,1.0
2024-05-09 00:00:00+00:00,0.57,38615590.0,0.57,74921147.0,0.69,119440738.0,2.99,225287392.0,-0.11,0.0,-0.16,0.0,-0.2,0.0
2024-05-10 00:00:00+00:00,0.14,41544805.0,0.71,80160395.0,0.7,116465952.0,1.87,203352096.0,-0.17,0.0,-0.27,0.0,-0.24,0.0
2024-05-13 00:00:00+00:00,0.01,33282620.0,0.15,74827425.0,0.72,113443015.0,0.84,194268163.0,0.21,1.0,0.16,1.0,-0.03,0.0
2024-05-14 00:00:00+00:00,0.46,46826165.0,0.47,80108785.0,0.61,121653590.0,1.18,196574737.0,0.11,1.0,0.43,1.0,0.42,1.0
2024-05-15 00:00:00+00:00,1.24,52172644.0,1.7,98998809.0,1.71,132281429.0,2.43,212441824.0,0.14,1.0,0.24,1.0,0.12,1.0
2024-05-16 00:00:00+00:00,-0.21,42581736.0,1.03,94754380.0,1.49,141580545.0,1.64,216407970.0,0.07,1.0,-0.01,0.0,-0.05,0.0
2024-05-17 00:00:00+00:00,0.15,49242849.0,-0.06,91824585.0,1.17,143997229.0,1.65,224106014.0,0.32,1.0,0.34,1.0,0.22,1.0
2024-05-20 00:00:00+00:00,0.11,31205580.0,0.26,80448429.0,0.05,123030165.0,1.75,222028974.0,0.14,1.0,0.23,1.0,0.17,1.0
2024-05-21 00:00:00+00:00,0.25,28441312.0,0.36,59646892.0,0.5,108889741.0,1.54,203644121.0,0.09,1.0,0.07,1.0,0.07,1.0
2024-05-22 00:00:00+00:00,-0.28,36363622.0,-0.04,64804934.0,0.07,96010514.0,0.01,187835099.0,-0.47,0.0,-0.46,0.0,-0.32,0.0
2024-05-23 00:00:00+00:00,-0.73,49641770.0,-1.01,86005392.0,-0.77,114446704.0,-0.51,194895133.0,0.14,1.0,0.35,1.0,0.37,1.0
2024-05-24 00:00:00+00:00,0.67,32784128.0,-0.06,82425898.0,-0.34,118789520.0,0.01,178436412.0,-0.13,0.0,-0.08,0.0,-0.09,0.0
2024-05-28 00:00:00+00:00,0.07,29979387.0,0.74,62763515.0,0.01,112405285.0,-0.03,177210219.0,0.2,1.0,0.15,1.0,0.22,1.0
2024-05-29 00:00:00+00:00,-0.71,36993310.0,-0.64,66972697.0,0.03,99756825.0,-0.98,185762217.0,-0.1,0.0,-0.11,0.0,-0.09,0.0
2024-05-30 00:00:00+00:00,-0.66,38049170.0,-1.37,75042480.0,-1.3,105021867.0,-1.36,187447765.0,-0.48,0.0,-0.66,0.0,-0.91,0.0
2024-05-31 00:00:00+00:00,0.91,65883785.0,0.24,103932955.0,-0.47,140926265.0,0.27,203689780.0,-0.16,0.0,-0.56,0.0,-0.96,0.0
2024-06-03 00:00:00+00:00,0.08,41928953.0,0.98,107812738.0,0.31,145861908.0,-0.33,212834605.0,0.1,1.0,-0.11,0.0,-0.09,0.0
2024-06-04 00:00:00+00:00,0.11,30399746.0,0.19,72328699.0,1.1,138212484.0,-0.28,213254964.0,-0.1,0.0,0.22,1.0,0.26,1.0
2024-06-05 00:00:00+00:00,1.19,38197851.0,1.31,68597597.0,1.38,110526550.0,1.62,214459505.0,0.01,1.0,-0.09,0.0,-0.23,0.0
2024-06-06 00:00:00+00:00,-0.0,26081619.0,1.19,64279470.0,1.3,94679216.0,2.3,202491954.0,0.18,1.0,0.24,1.0,0.42,1.0
2024-06-07 00:00:00+00:00,-0.13,35117340.0,-0.13,61198959.0,1.06,99396810.0,1.25,171725509.0,0.08,1.0,0.23,1.0,0.32,1.0
2024-06-10 00:00:00+00:00,0.32,30573256.0,0.19,65690596.0,0.19,91772215.0,1.5,160369812.0,0.0,0.0,0.13,1.0,0.02,1.0
2024-06-11 00:00:00+00:00,0.23,30297947.0,0.55,60871203.0,0.43,95988543.0,1.62,160268013.0,0.47,1.0,0.35,1.0,0.21,1.0
2024-06-12 00:00:00+00:00,0.82,50470388.0,1.06,80768335.0,1.38,111341591.0,1.25,172540550.0,-0.39,0.0,-0.36,0.0,-0.63,0.0
2024-06-13 00:00:00+00:00,0.2,34739171.0,1.02,85209559.0,1.26,115507506.0,1.46,181198102.0,-0.0,0.0,0.1,1.0,0.04,1.0
2024-06-14 00:00:00+00:00,0.06,30720209.0,0.26,65459380.0,1.09,115929768.0,1.64,176800971.0,0.04,1.0,0.32,1.0,0.61,1.0
2024-06-17 00:00:00+00:00,0.79,46296613.0,0.85,77016822.0,1.05,111755993.0,2.12,192524328.0,0.05,1.0,-0.01,0.0,0.04,1.0
2024-06-18 00:00:00+00:00,0.27,34216759.0,1.06,80513372.0,1.12,111233581.0,2.16,196443140.0,-0.07,0.0,-0.11,0.0,-0.45,0.0
2024-06-20 00:00:00+00:00,-0.28,53282210.0,-0.02,87498969.0,0.78,133795582.0,1.04,199254962.0,-0.01,0.0,0.0,1.0,0.16,1.0
2024-06-21 00:00:00+00:00,-0.52,48120689.0,-0.79,101402899.0,-0.53,135619658.0,0.32,212636480.0,0.2,1.0,0.33,1.0,0.3,1.0
2024-06-24 00:00:00+00:00,-0.28,37552459.0,-0.79,85673148.0,-1.07,138955358.0,-0.02,219468730.0,0.0,0.0,0.01,1.0,-0.07,0.0
2024-06-25 00:00:00+00:00,0.4,33430276.0,0.12,70982735.0,-0.39,119103424.0,-0.41,206602393.0,0.02,1.0,0.05,1.0,0.28,1.0
2024-06-26 00:00:00+00:00,0.14,30292656.0,0.53,63722932.0,0.26,101275391.0,-0.54,202678290.0,0.21,1.0,-0.01,0.0,0.09,1.0
2024-06-27 00:00:00+00:00,0.15,29008983.0,0.28,59301639.0,0.68,92731915.0,-0.11,178405063.0,0.43,1.0,0.1,1.0,-0.03,0.0
2024-06-28 00:00:00+00:00,-0.41,59650141.0,-0.26,88659124.0,-0.13,118951780.0,-0.01,189934515.0,-0.24,0.0,-0.26,0.0,-0.08,0.0
2024-07-01 00:00:00+00:00,0.24,32243368.0,-0.18,91893509.0,-0.03,120902492.0,0.5,184625424.0,0.3,1.0,0.43,1.0,0.39,1.0
2024-07-02 00:00:00+00:00,0.66,33051626.0,0.9,65294994.0,0.48,124945135.0,0.77,184246774.0,0.09,1.0,0.24,1.0,0.45,1.0
2024-07-03 00:00:00+00:00,0.4,17372461.0,1.06,50424087.0,1.3,82667455.0,1.03,171326579.0,0.06,1.0,0.21,1.0,0.33,1.0
2024-07-05 00:00:00+00:00,0.65,34006809.0,1.04,51379270.0,1.71,84430896.0,1.53,176324405.0,0.01,1.0,-0.01,0.0,-0.15,0.0
2024-07-08 00:00:00+00:00,0.12,25810105.0,0.76,59816914.0,1.16,77189375.0,2.07,142484369.0,-0.04,0.0,-0.04,0.0,0.08,1.0
2024-07-09 00:00:00+00:00,0.09,23799656.0,0.21,49609761.0,0.85,83616570.0,1.92,134040657.0,0.05,1.0,0.11,1.0,0.34,1.0
2024-07-10 00:00:00+00:00,0.97,31682835.0,1.07,55482491.0,1.18,81292596.0,2.24,132671866.0,-0.3,0.0,-0.73,0.0,-0.75,0.0
2024-07-11 00:00:00+00:00,-0.86,45580836.0,0.1,77263671.0,0.19,101063327.0,0.96,160880241.0,0.39,1.0,0.73,1.0,0.54,1.0
2024-07-12 00:00:00+00:00,0.63,43596859.0,-0.24,89177695.0,0.73,120860530.0,0.94,170470291.0,0.12,1.0,0.3,1.0,0.15,1.0
2024-07-15 00:00:00+00:00,0.28,33987896.0,0.91,77584755.0,0.04,123165591.0,1.11,178648082.0,-0.04,0.0,0.12,1.0,-0.04,0.0
2024-07-16 00:00:00+00:00,0.6,31387313.0,0.88,65375209.0,1.51,108972068.0,1.62,186235739.0,-0.1,0.0,-0.12,0.0,-0.34,0.0
2024-07-17 00:00:00+00:00,-1.4,45754094.0,-0.81,77141407.0,-0.53,111129303.0,-0.77,200306998.0,0.06,1.0,-0.84,0.0,-1.0,0.0
2024-07-18 00:00:00+00:00,-0.77,49064981.0,-2.16,94819075.0,-1.57,126206388.0,-0.68,203791143.0,-0.24,0.0,-0.5,0.0,-0.43,0.0
2024-07-19 00:00:00+00:00,-0.67,55022555.0,-1.44,104087536.0,-2.81,149841630.0,-1.96,215216839.0,0.04,1.0,-0.23,0.0,-0.15,0.0
2024-07-22 00:00:00+00:00,1.04,35067603.0,0.36,90090158.0,-0.41,139155139.0,-1.22,216296546.0,0.26,1.0,0.34,1.0,0.09,1.0
2024-07-23 00:00:00+00:00,-0.17,28215677.0,0.87,63283280.0,0.19,118305835.0,-1.97,213124910.0,-0.51,0.0,-0.75,0.0,-0.85,0.0
2024-07-24 00:00:00+00:00,-2.26,58656734.0,-2.42,86872411.0,-1.41,121940014.0,-2.83,226027550.0,-0.14,0.0,0.35,1.0,0.89,1.0
2024-07-25 00:00:00+00:00,-0.53,53546469.0,-2.78,112203203.0,-2.94,140418880.0,-2.59,230509038.0,0.25,1.0,0.17,1.0,0.61,1.0
2024-07-26 00:00:00+00:00,1.12,78894048.0,0.59,132440517.0,-1.69,191097251.0,-0.83,254380531.0,-0.12,0.0,-0.34,0.0,-0.0,0.0
2024-07-29 00:00:00+00:00,0.07,31548320.0,1.19,110442368.0,0.66,163988837.0,-1.78,250861248.0,-0.24,0.0,-0.75,0.0,-1.0,0.0
2024-07-30 00:00:00+00:00,-0.52,39753411.0,-0.45,71301731.0,0.66,150195779.0,-2.13,262398982.0,0.24,1.0,0.39,1.0,0.28,1.0
2024-07-31 00:00:00+00:00,1.57,54824632.0,1.04,94578043.0,1.11,126126363.0,1.7,258566880.0,-0.5,0.0,-1.16,0.0,-1.36,0.0
2024-08-01 00:00:00+00:00,-1.34,92894351.0,0.21,147718983.0,-0.32,187472394.0,0.87,297914762.0,-0.98,0.0,-1.18,0.0,-0.57,0.0
2024-08-02 00:00:00+00:00,-1.85,72587787.0,-3.17,165482138.0,-1.65,220306770.0,-2.09,291608501.0,0.71,1.0,1.7,1.0,2.46,1.0
2024-08-05 00:00:00+00:00,-2.92,123143937.0,-4.72,195731724.0,-6.0,288626075.0,-5.02,383204118.0,0.71,1.0,0.62,1.0,1.3,1.0
2024-08-06 00:00:00+00:00,0.92,69644784.0,-2.03,192788721.0,-3.84,265376508.0,-3.64,413095491.0,0.05,1.0,0.2,1.0,-0.15,0.0
2024-08-07 00:00:00+00:00,-0.68,60223842.0,0.24,129868626.0,-2.69,253012563.0,-5.77,418494701.0,0.76,1.0,0.75,1.0,0.86,1.0
2024-08-08 00:00:00+00:00,2.31,53850679.0,1.62,114074521.0,2.56,183719305.0,-2.29,379451029.0,0.15,1.0,0.19,1.0,0.09,1.0
2024-08-09 00:00:00+00:00,0.43,39237801.0,2.75,93088480.0,2.05,153312322.0,-0.02,346101043.0,-0.0,0.0,-0.25,0.0,-0.02,0.0
2024-08-12 00:00:00+00:00,0.07,37118316.0,0.5,76356117.0,2.82,130206796.0,3.06,260075422.0,0.18,1.0,0.4,1.0,0.59,1.0
2024-08-13 00:00:00+00:00,1.64,43876733.0,1.71,80995049.0,2.14,120232850.0,3.8,234307371.0,-0.18,0.0,0.06,1.0,-0.04,0.0
2024-08-14 00:00:00+00:00,0.33,37345589.0,1.97,81222322.0,2.04,118340638.0,4.85,211429118.0,0.16,1.0,0.34,1.0,0.56,1.0
2024-08-15 00:00:00+00:00,1.71,52024431.0,2.04,89370020.0,3.71,133246753.0,4.23,209602870.0,0.28,1.0,0.23,1.0,0.45,1.0
2024-08-16 00:00:00+00:00,0.22,37331920.0,1.93,89356351.0,2.26,126701940.0,4.01,207696989.0,0.11,1.0,0.32,1.0,0.37,1.0
2024-08-19 00:00:00+00:00,0.96,32821241.0,1.17,70153161.0,2.9,122177592.0,4.93,203399914.0,-0.01,0.0,-0.21,0.0,-0.1,0.0
2024-08-20 00:00:00+00:00,-0.17,29549307.0,0.79,62370548.0,1.0,99702468.0,3.06,189072488.0,0.07,1.0,0.04,1.0,-0.06,0.0
2024-08-21 00:00:00+00:00,0.37,34453214.0,0.2,64002521.0,1.16,96823762.0,3.11,186180113.0,-0.26,0.0,-0.6,0.0,-0.51,0.0
2024-08-22 00:00:00+00:00,-0.8,44138748.0,-0.43,78591962.0,-0.6,108141269.0,0.57,178294430.0,0.56,1.0,0.38,1.0,-0.17,0.0
2024-08-23 00:00:00+00:00,1.06,43680395.0,0.25,87819143.0,0.62,122272357.0,1.41,184642905.0,-0.23,0.0,-0.45,0.0,-0.36,0.0
2024-08-26 00:00:00+00:00,-0.24,31135838.0,0.81,74816233.0,0.01,118954981.0,0.21,182957502.0,0.28,1.0,0.23,1.0,0.24,1.0
2024-08-27 00:00:00+00:00,0.14,28236764.0,-0.1,59372602.0,0.96,103052997.0,0.52,181644959.0,-0.02,0.0,-0.52,0.0,-0.66,0.0
2024-08-28 00:00:00+00:00,-0.57,32068905.0,-0.43,60305669.0,-0.67,91441507.0,-0.42,179260650.0,0.25,1.0,0.32,1.0,0.53,1.0
2024-08-29 00:00:00+00:00,-0.01,33781518.0,-0.58,65850423.0,-0.43,94087187.0,0.38,168903420.0,0.09,1.0,-0.28,0.0,-0.47,0.0
2024-08-30 00:00:00+00:00,0.94,44019602.0,0.94,77801120.0,0.36,109870025.0,0.26,169242627.0,-0.59,0.0,-0.73,0.0,-0.86,0.0
2024-09-03 00:00:00+00:00,-2.02,51691128.0,-1.1,95710730.0,-1.11,129492248.0,-1.53,189797917.0,0.42,1.0,0.35,1.0,0.35,1.0
2024-09-04 00:00:00+00:00,-0.24,39911024.0,-2.26,91602152.0,-1.34,135621754.0,-1.9,201472177.0,0.3,1.0,-0.61,0.0,-0.5,0.0
2024-09-05 00:00:00+00:00,-0.23,37156595.0,-0.47,77067619.0,-2.48,128758747.0,-1.57,206559867.0,-0.95,0.0,-1.53,0.0,-1.83,0.0
2024-09-06 00:00:00+00:00,-1.66,59702610.0,-1.89,96859205.0,-2.13,136770229.0,-3.2,232480959.0,0.05,1.0,-0.04,0.0,0.45,1.0
2024-09-09 00:00:00+00:00,1.11,35358515.0,-0.57,95061125.0,-0.8,132217720.0,-3.04,223819872.0,-0.23,0.0,-0.17,0.0,-0.74,0.0
2024-09-10 00:00:00+00:00,0.44,33611701.0,1.55,68970216.0,-0.14,128672826.0,-0.6,205740445.0,-1.19,0.0,-0.97,0.0,-0.17,0.0
2024-09-11 00:00:00+00:00,1.01,63707515.0,1.45,97319216.0,2.58,132677731.0,0.64,229536936.0,0.23,1.0,0.08,1.0,0.16,1.0
2024-09-12 00:00:00+00:00,0.84,44304315.0,1.86,108011830.0,2.3,141623531.0,1.72,236684656.0,0.27,1.0,0.4,1.0,0.35,1.0
2024-09-13 00:00:00+00:00,0.53,32524987.0,1.37,76829302.0,2.39,140536817.0,3.99,209507033.0,-0.05,0.0,-0.16,0.0,-0.06,0.0
2024-09-16 00:00:00+00:00,0.16,33872199.0,0.69,66397186.0,1.53,110701501.0,3.01,208020717.0,0.15,1.0,0.01,1.0,-0.24,0.0
2024-09-17 00:00:00+00:00,0.04,40037328.0,0.2,73909527.0,0.73,106434514.0,2.6,214446344.0,-0.11,0.0,-0.17,0.0,-0.13,0.0
2024-09-18 00:00:00+00:00,-0.31,52326250.0,-0.27,92363578.0,-0.11,126235777.0,1.26,203065079.0,0.06,1.0,-0.02,0.0,0.12,1.0
2024-09-19 00:00:00+00:00,1.71,63371875.0,1.39,115698125.0,1.43,155735453.0,2.13,222132639.0,-0.11,0.0,-0.33,0.0,0.02,1.0
2024-09-20 00:00:00+00:00,-0.49,61745830.0,1.2,125117705.0,0.89,177443955.0,1.09,251353482.0,0.13,1.0,0.12,1.0,-0.02,0.0
2024-09-23 00:00:00+00:00,0.27,28962956.0,-0.23,90708786.0,1.48,154080661.0,1.2,246444239.0,-0.39,0.0,-0.11,0.0,0.0,1.0
2024-09-24 00:00:00+00:00,0.28,37049846.0,0.55,66012802.0,0.06,127758632.0,1.44,243456757.0,-0.11,0.0,-0.17,0.0,-0.19,0.0
2024-09-25 00:00:00+00:00,-0.22,31938813.0,0.07,68988659.0,0.33,97951615.0,1.54,223069320.0,-0.22,0.0,-0.44,0.0,-0.46,0.0
2024-09-26 00:00:00+00:00,0.39,39788500.0,0.18,71727313.0,0.46,108777159.0,0.23,199485945.0,0.1,1.0,0.01,1.0,-0.18,0.0
2024-09-27 00:00:00+00:00,-0.15,33620599.0,0.25,73409099.0,0.03,105347912.0,0.58,171360714.0,0.09,1.0,0.2,1.0,0.26,1.0
2024-09-30 00:00:00+00:00,0.46,47853839.0,0.31,81474438.0,0.71,121262938.0,0.77,190251597.0,-0.95,0.0,-0.87,0.0,-0.72,0.0
2024-10-01 00:00:00+00:00,-0.93,64954785.0,-0.48,112808624.0,-0.62,146429223.0,-0.45,218156536.0,0.11,1.0,0.32,1.0,0.31,1.0
2024-10-02 00:00:00+00:00,0.03,33178450.0,-0.9,98133235.0,-0.45,145987074.0,-0.2,219396173.0,-0.03,0.0,0.02,1.0,0.24,1.0
2024-10-03 00:00:00+00:00,-0.19,36657671.0,-0.16,69836121.0,-1.09,134790906.0,-0.78,216265344.0,-0.62,0.0,-0.62,0.0,-0.44,0.0
2024-10-04 00:00:00+00:00,0.91,38201489.0,0.72,74859160.0,0.74,108037610.0,0.26,220846234.0,0.04,1.0,0.06,1.0,-0.06,0.0
2024-10-07 00:00:00+00:00,-0.89,40523728.0,0.01,78725217.0,-0.18,115382888.0,-1.08,213516123.0,0.08,1.0,0.25,1.0,0.28,1.0
2024-10-08 00:00:00+00:00,0.93,33785945.0,0.03,74309673.0,0.94,112511162.0,0.78,182347283.0,0.17,1.0,0.44,1.0,0.54,1.0
2024-10-09 00:00:00+00:00,0.7,33333812.0,1.64,67119757.0,0.73,107643485.0,1.45,182502645.0,0.03,1.0,0.09,1.0,0.24,1.0
2024-10-10 00:00:00+00:00,-0.18,36931501.0,0.52,70265313.0,1.46,104051258.0,1.47,182776475.0,0.65,1.0,0.54,1.0,0.47,1.0
2024-10-11 00:00:00+00:00,0.6,33518562.0,0.42,70450063.0,1.12,103783875.0,1.16,178093548.0,0.38,1.0,0.27,1.0,0.43,1.0
2024-10-14 00:00:00+00:00,0.82,31052497.0,1.42,64571059.0,1.24,101502560.0,2.9,168622317.0,-0.23,0.0,-0.39,0.0,-0.42,0.0
2024-10-15 00:00:00+00:00,-0.77,44214759.0,0.04,75267256.0,0.64,108785818.0,1.17,179051131.0,0.18,1.0,0.14,1.0,0.18,1.0
2024-10-16 00:00:00+00:00,0.42,27045998.0,-0.35,71260757.0,0.46,102313254.0,0.89,172763317.0,-0.35,0.0,-0.32,0.0,-0.28,0.0
2024-10-17 00:00:00+00:00,0.01,29748400.0,0.43,56794398.0,-0.34,101009157.0,1.07,165580216.0,-0.1,0.0,0.03,1.0,0.01,1.0
2024-10-18 00:00:00+00:00,0.39,32925417.0,0.4,62673817.0,0.82,89719815.0,0.87,164987071.0,0.01,1.0,-0.52,0.0,-0.29,0.0
2024-10-21 00:00:00+00:00,-0.15,29957876.0,0.24,62883293.0,0.25,92631693.0,-0.1,163892450.0,0.06,1.0,0.18,1.0,0.12,1.0
2024-10-22 00:00:00+00:00,-0.06,27105091.0,-0.21,57062967.0,0.18,89988384.0,0.61,146782782.0,-0.05,0.0,-0.41,0.0,-0.53,0.0
2024-10-23 00:00:00+00:00,-0.92,41621338.0,-0.98,68726429.0,-1.14,98684305.0,-0.74,161358122.0,-0.18,0.0,-0.23,0.0,-0.34,0.0
2024-10-24 00:00:00+00:00,0.22,28388634.0,-0.71,70009972.0,-0.77,97115063.0,-0.53,159998356.0,0.46,1.0,0.17,1.0,0.2,1.0
2024-10-25 00:00:00+00:00,-0.03,38104426.0,0.19,66493060.0,-0.74,108114398.0,-0.95,165177365.0,-0.03,0.0,-0.17,0.0,-0.18,0.0
2024-10-28 00:00:00+00:00,0.3,27015674.0,0.27,65120100.0,0.49,93508734.0,-0.5,162235163.0,0.11,1.0,0.2,1.0,0.27,1.0
2024-10-29 00:00:00+00:00,0.16,34809940.0,0.46,61825614.0,0.44,99930040.0,-0.28,169940012.0,0.24,1.0,0.27,1.0,0.21,1.0
2024-10-30 00:00:00+00:00,-0.3,33346257.0,-0.14,68156197.0,0.16,95171871.0,0.35,161664931.0,-0.62,0.0,-0.78,0.0,-0.71,0.0
2024-10-31 00:00:00+00:00,-1.96,46758591.0,-2.26,80104848.0,-2.1,114914788.0,-1.83,180034888.0,0.72,1.0,0.68,1.0,0.36,1.0
2024-11-01 00:00:00+00:00,0.43,37931089.0,-1.54,84689680.0,-1.84,118035937.0,-1.38,179861551.0,0.16,1.0,-0.01,0.0,-0.2,0.0
2024-11-04 00:00:00+00:00,-0.22,32464525.0,0.21,70395614.0,-1.76,117154205.0,-1.89,185310402.0,0.57,1.0,0.7,1.0,0.86,1.0
2024-11-05 00:00:00+00:00,1.21,35169212.0,0.99,67633737.0,1.43,105564826.0,-0.86,185669674.0,-0.06,0.0,-0.18,0.0,-0.07,0.0
2024-11-06 00:00:00+00:00,2.49,59177390.0,3.73,94346602.0,3.51,126811127.0,1.91,211500807.0,0.15,1.0,0.21,1.0,0.32,1.0
2024-11-07 00:00:00+00:00,0.76,39608489.0,3.27,98785879.0,4.52,133955091.0,4.75,204350705.0,0.2,1.0,0.31,1.0,0.25,1.0
2024-11-08 00:00:00+00:00,0.45,38127953.0,1.22,77736442.0,3.74,136913832.0,4.77,204547569.0,-0.16,0.0,-0.12,0.0,-0.17,0.0
2024-11-11 00:00:00+00:00,0.08,30184446.0,0.53,68312399.0,1.3,107920888.0,5.08,202267490.0,-0.12,0.0,-0.25,0.0,-0.37,0.0
2024-11-12 00:00:00+00:00,-0.31,33526259.0,-0.23,63710705.0,0.23,101838658.0,3.5,200624537.0,-0.19,0.0,0.09,1.0,0.17,1.0
2024-11-13 00:00:00+00:00,0.05,40234661.0,-0.26,73760920.0,-0.18,103945366.0,1.04,181681808.0,-0.15,0.0,-0.14,0.0,-0.42,0.0
2024-11-14 00:00:00+00:00,-0.64,32651881.0,-0.59,72886542.0,-0.89,106412801.0,-0.37,174725200.0,-0.49,0.0,-0.42,0.0,-0.72,0.0
2024-11-15 00:00:00+00:00,-1.29,61723449.0,-1.92,94375330.0,-1.87,134609991.0,-2.09,198320696.0,0.19,1.0,0.41,1.0,0.37,1.0
2024-11-18 00:00:00+00:00,0.41,30337512.0,-0.88,92060961.0,-1.51,124712842.0,-1.77,198473762.0,0.3,1.0,0.72,1.0,0.73,1.0
2024-11-19 00:00:00+00:00,0.36,37756916.0,0.78,68094428.0,-0.52,129817877.0,-1.11,202704419.0,-0.79,0.0,-0.76,0.0,-0.54,0.0
2024-11-20 00:00:00+00:00,0.03,40910090.0,0.4,78667006.0,0.81,109004518.0,-1.12,203379848.0,-0.95,0.0,-0.11,0.0,-0.07,0.0
2024-11-21 00:00:00+00:00,0.53,40236903.0,0.56,81146993.0,0.93,118903909.0,0.04,210964870.0,0.0,1.0,0.16,1.0,0.33,1.0
2024-11-22 00:00:00+00:00,0.32,29873543.0,0.85,70110446.0,0.88,111020536.0,1.67,179114964.0,-0.07,0.0,-0.26,0.0,-0.58,0.0
2024-11-25 00:00:00+00:00,0.33,35785515.0,0.65,65659058.0,1.18,105895961.0,1.58,184562967.0,0.0,1.0,0.13,1.0,0.09,1.0
2024-11-26 00:00:00+00:00,0.55,33916111.0,0.88,69701626.0,1.2,99575169.0,1.77,180722162.0,-0.18,0.0,-0.33,0.0,-0.37,0.0
2024-11-27 00:00:00+00:00,-0.32,29212547.0,0.22,63128658.0,0.55,98914173.0,1.41,169024619.0,0.29,1.0,0.45,1.0,0.53,1.0
2024-11-29 00:00:00+00:00,0.67,13460290.0,0.35,42672837.0,0.9,76588948.0,1.55,142248006.0,0.04,1.0,0.05,1.0,0.08,1.0
2024-12-02 00:00:00+00:00,0.14,26476252.0,0.81,39936542.0,0.49,69149089.0,1.37,138850715.0,-0.15,0.0,0.0,1.0,-0.06,0.0
2024-12-03 00:00:00+00:00,0.03,22811467.0,0.17,49287719.0,0.85,62748009.0,1.07,125876667.0,-0.01,0.0,0.11,1.0,0.11,1.0
2024-12-04 00:00:00+00:00,0.62,32861351.0,0.65,55672818.0,0.79,82149070.0,1.14,124821907.0,-0.09,0.0,-0.0,0.0,0.06,1.0
2024-12-05 00:00:00+00:00,-0.16,24972944.0,0.46,57834295.0,0.49,80645762.0,1.31,120582304.0,0.24,1.0,0.09,1.0,0.04,1.0
2024-12-06 00:00:00+00:00,0.21,24798207.0,0.05,49771151.0,0.67,82632502.0,0.84,131920221.0,-0.22,0.0,-0.31,0.0,-0.34,0.0
2024-12-09 00:00:00+00:00,-0.54,29400803.0,-0.33,54199010.0,-0.49,79171954.0,0.16,134844772.0,-0.04,0.0,-0.12,0.0,-0.14,0.0
2024-12-10 00:00:00+00:00,-0.29,30099342.0,-0.83,59500145.0,-0.62,84298352.0,-0.16,142132647.0,0.12,1.0,0.28,1.0,0.32,1.0
2024-12-11 00:00:00+00:00,0.77,22578899.0,0.47,52678241.0,-0.06,82079044.0,-0.01,131850195.0,-0.0,0.0,0.05,1.0,-0.01,0.0
2024-12-12 00:00:00+00:00,-0.52,24273218.0,0.25,46852117.0,-0.04,76951459.0,-0.37,131150469.0,-0.22,0.0,-0.44,0.0,-0.51,0.0
2024-12-13 00:00:00+00:00,-0.02,28219510.0,-0.53,52492728.0,0.23,75071627.0,-0.6,134571772.0,0.08,1.0,0.12,1.0,0.16,1.0
2024-12-16 00:00:00+00:00,0.42,32241761.0,0.4,60461271.0,-0.12,84734489.0,0.35,137412730.0,-0.16,0.0,0.03,1.0,0.06,1.0
2024-12-17 00:00:00+00:00,-0.42,37751901.0,-0.0,69993662.0,-0.02,98213172.0,0.23,145065289.0,0.24,1.0,0.27,1.0,0.28,1.0
2024-12-18 00:00:00+00:00,-2.97,78427640.0,-3.37,116179541.0,-2.97,148421302.0,-3.49,200914030.0,-0.45,0.0,-0.1,0.0,-0.57,0.0
2024-12-19 00:00:00+00:00,-0.03,70519386.0,-3.0,148947026.0,-3.4,186698927.0,-3.02,247160198.0,0.89,1.0,1.82,1.0,2.38,1.0
2024-12-20 00:00:00+00:00,0.82,97753520.0,0.79,168272906.0,-2.21,246700546.0,-2.21,316694208.0,-0.27,0.0,-0.04,0.0,0.21,1.0
2024-12-23 00:00:00+00:00,0.65,39805105.0,1.48,137558625.0,1.45,208078011.0,-1.98,324257552.0,0.36,1.0,0.54,1.0,0.69,1.0
2024-12-24 00:00:00+00:00,0.9,15052699.0,1.57,54857804.0,2.4,152611324.0,-0.68,301558350.0,0.13,1.0,0.22,1.0,0.34,1.0
2024-12-26 00:00:00+00:00,0.18,25129713.0,1.08,40182412.0,1.75,79987517.0,2.55,248260423.0,-0.72,0.0,-0.51,0.0,-1.01,0.0
2024-12-27 00:00:00+00:00,-1.04,52485274.0,-0.86,77614987.0,0.04,92667686.0,1.51,230226311.0,-0.53,0.0,0.02,1.0,0.43,1.0
2024-12-30 00:00:00+00:00,-1.13,45461592.0,-2.16,97946866.0,-1.98,123076579.0,-0.45,177934383.0,-0.05,0.0,-0.5,0.0,-0.68,0.0
2024-12-31 00:00:00+00:00,-0.38,44152785.0,-1.51,89614377.0,-2.53,142099651.0,-1.48,182282063.0,-0.26,0.0,-0.32,0.0,-0.83,0.0
2025-01-02 00:00:00+00:00,-0.24,44729508.0,-0.63,88882293.0,-1.75,134343885.0,-2.6,211958872.0,0.12,1.0,0.36,1.0,0.45,1.0
2025-01-03 00:00:00+00:00,1.25,33282905.0,1.0,78012413.0,0.61,122165198.0,-1.56,220112064.0,0.44,1.0,0.54,1.0,0.39,1.0
2025-01-06 00:00:00+00:00,0.6,40989559.0,1.85,74272464.0,1.6,119001972.0,0.07,208616349.0,-0.64,0.0,-0.72,0.0,-1.14,0.0
2025-01-07 00:00:00+00:00,-1.12,45557687.0,-0.53,86547246.0,0.71,119830151.0,0.08,208712444.0,-0.38,0.0,-0.1,0.0,-0.52,0.0
2025-01-08 00:00:00+00:00,0.12,40237470.0,-1.0,85795157.0,-0.41,126784716.0,0.58,204797129.0,-0.68,0.0,-1.03,0.0,-1.0,0.0
2025-01-10 00:00:00+00:00,-1.51,61085287.0,-1.39,101322757.0,-2.5,146880444.0,-0.69,221152908.0,0.04,1.0,0.21,1.0,0.43,1.0
2025-01-13 00:00:00+00:00,0.18,38444958.0,-1.34,99530245.0,-1.22,139767715.0,-1.74,226314961.0,-0.21,0.0,-0.6,0.0,-0.79,0.0
2025-01-14 00:00:00+00:00,0.11,43064832.0,0.29,81509790.0,-1.23,142595077.0,-2.22,228390234.0,0.34,1.0,0.12,1.0,0.13,1.0
2025-01-15 00:00:00+00:00,1.82,45919270.0,1.93,88984102.0,2.11,127429060.0,0.69,228751817.0,-0.32,0.0,-0.14,0.0,-0.07,0.0
2025-01-16 00:00:00+00:00,-0.18,32296259.0,1.63,78215529.0,1.75,121280361.0,0.39,220810606.0,0.0,1.0,0.3,1.0,0.34,1.0
2025-01-17 00:00:00+00:00,0.99,51093257.0,0.81,83389516.0,2.64,129308786.0,2.94,210818576.0,-0.05,0.0,0.02,1.0,0.15,1.0
2025-01-21 00:00:00+00:00,0.9,33373467.0,1.9,84466724.0,1.71,116762983.0,3.68,205747085.0,0.13,1.0,0.22,1.0,0.27,1.0
2025-01-22 00:00:00+00:00,0.57,34779455.0,1.47,68152922.0,2.47,119246179.0,4.15,197461708.0,-0.01,0.0,0.28,1.0,0.23,1.0
2025-01-23 00:00:00+00:00,0.56,29641939.0,1.13,64421394.0,2.03,97794861.0,2.86,181184377.0,-0.08,0.0,0.01,1.0,-0.06,0.0
2025-01-24 00:00:00+00:00,-0.29,28450311.0,0.26,58092250.0,0.83,92871705.0,2.74,177338429.0,0.7,1.0,0.29,1.0,0.48,1.0
2025-01-27 00:00:00+00:00,-1.4,59762739.0,-1.69,88213050.0,-1.14,117854989.0,0.31,186007911.0,0.31,1.0,0.13,1.0,0.52,1.0
2025-01-28 00:00:00+00:00,0.85,37158367.0,-0.57,96921106.0,-0.86,125371417.0,0.26,189792811.0,-0.12,0.0,-0.21,0.0,-0.11,0.0
2025-01-29 00:00:00+00:00,-0.45,29602292.0,0.4,66760659.0,-1.01,126523398.0,-0.75,184615648.0,-0.22,0.0,-0.24,0.0,-0.26,0.0
2025-01-30 00:00:00+00:00,0.53,33236685.0,0.08,62838977.0,0.93,99997344.0,-0.78,188210394.0,0.24,1.0,0.26,1.0,0.34,1.0
2025-01-31 00:00:00+00:00,-0.52,52205137.0,0.0,85441822.0,-0.44,115044114.0,-1.01,211965220.0,,,,,,
